project_name,project_links,type,units
Soho 188,https://www.propertyguru.com.sg//project/soho-188-253,apartment,53.0
Sherwood Towers,https://www.propertyguru.com.sg//project/sherwood-towers-266,apartment,269.0
YewTee Residences,https://www.propertyguru.com.sg//project/yewtee-residences-263,apartment,139.0
Proximo,https://www.propertyguru.com.sg//project/proximo-256,apartment,46.0
The Citrine,https://www.propertyguru.com.sg//project/the-citrine-255,apartment,54.0
City Edge,https://www.propertyguru.com.sg//project/city-edge-261,apartment,49.0
Nomu,https://www.propertyguru.com.sg//project/nomu-262,apartment,50.0
Newton Suites,https://www.propertyguru.com.sg//project/newton-suites-279,apartment,118.0
Oleander Towers,https://www.propertyguru.com.sg//project/oleander-towers-303,apartment,318.0
Textile Centre,https://www.propertyguru.com.sg//project/textile-centre-316,apartment,132.0
Neptune Court,https://www.propertyguru.com.sg//project/neptune-court-307,apartment,752.0
Cliften,https://www.propertyguru.com.sg//project/cliften-310,apartment,32.0
The Estiva,https://www.propertyguru.com.sg//project/the-estiva-321,apartment,33.0
Estique,https://www.propertyguru.com.sg//project/estique-332,apartment,28.0
The Treeline,https://www.propertyguru.com.sg//project/the-treeline-331,apartment,34.0
International Plaza,https://www.propertyguru.com.sg//project/international-plaza-335,apartment,210.0
Cairnhill Plaza,https://www.propertyguru.com.sg//project/cairnhill-plaza-325,apartment,204.0
Twin Heights,https://www.propertyguru.com.sg//project/twin-heights-326,apartment,132.0
One Oxley Rise,https://www.propertyguru.com.sg//project/one-oxley-rise-369,apartment,89.0
Robertson Blue,https://www.propertyguru.com.sg//project/robertson-blue-365,apartment,36.0
R66 Apartments,https://www.propertyguru.com.sg//project/r66-apartments-362,apartment,34.0
Buckley 18,https://www.propertyguru.com.sg//project/buckley-18-337,apartment,49.0
The Bale,https://www.propertyguru.com.sg//project/the-bale-344,apartment,36.0
Strata,https://www.propertyguru.com.sg//project/strata-341,apartment,100.0
Iridium,https://www.propertyguru.com.sg//project/iridium-380,apartment,45.0
Calarasi,https://www.propertyguru.com.sg//project/calarasi-364,apartment,99.0
Studio 3,https://www.propertyguru.com.sg//project/studio-3-386,apartment,66.0
Three Three Robin,https://www.propertyguru.com.sg//project/three-three-robin-358,apartment,36.0
Palm Oasis,https://www.propertyguru.com.sg//project/palm-oasis-373,apartment,56.0
Laguna Park,https://www.propertyguru.com.sg//project/laguna-park-359,apartment,527.0
The Quayside,https://www.propertyguru.com.sg//project/the-quayside-378,apartment,79.0
The Tomlinson,https://www.propertyguru.com.sg//project/the-tomlinson-388,apartment,29.0
The Nclave,https://www.propertyguru.com.sg//project/the-nclave-383,apartment,30.0
Emily Residence,https://www.propertyguru.com.sg//project/emily-residence-384,apartment,38.0
Sunshine Regency,https://www.propertyguru.com.sg//project/sunshine-regency-409,apartment,33.0
Rhapsody on Mount Elizabeth,https://www.propertyguru.com.sg//project/rhapsody-on-mount-elizabeth-410,apartment,32.0
The Merlot,https://www.propertyguru.com.sg//project/the-merlot-403,apartment,42.0
The Lincoln Modern,https://www.propertyguru.com.sg//project/the-lincoln-modern-402,apartment,56.0
D'Gallery,https://www.propertyguru.com.sg//project/d-gallery-413,apartment,21.0
Chelsea Grove,https://www.propertyguru.com.sg//project/chelsea-grove-398,apartment,23.0
Ten @ Suffolk,https://www.propertyguru.com.sg//project/ten-suffolk-397,apartment,37.0
Robertson 100,https://www.propertyguru.com.sg//project/robertson-100-417,apartment,186.0
Ecoville,https://www.propertyguru.com.sg//project/ecoville-430,apartment,30.0
Lagoon View,https://www.propertyguru.com.sg//project/lagoon-view-426,apartment,480.0
People's Park Complex,https://www.propertyguru.com.sg//project/people-s-park-complex-428,apartment,288.0
Tai Gin Apartments,https://www.propertyguru.com.sg//project/tai-gin-apartments-431,apartment,16.0
The Orion,https://www.propertyguru.com.sg//project/the-orion-399,apartment,46.0
Newton 21 (Former Newton Euro-Asia),https://www.propertyguru.com.sg//project/newton-21-former-newton-euro-asia-427,apartment,69.0
Urban Edge @ Holland V,https://www.propertyguru.com.sg//project/urban-edge-holland-v-446,apartment,31.0
Regal 35,https://www.propertyguru.com.sg//project/regal-35-451,apartment,40.0
The Montage,https://www.propertyguru.com.sg//project/the-montage-420,apartment,32.0
D'Dalvey,https://www.propertyguru.com.sg//project/d-dalvey-423,apartment,37.0
Suffolk Premier,https://www.propertyguru.com.sg//project/suffolk-premier-433,apartment,41.0
Venezio,https://www.propertyguru.com.sg//project/venezio-453,apartment,40.0
Residences at 338A,https://www.propertyguru.com.sg//project/residences-at-338a-461,apartment,46.0
Burlington Square,https://www.propertyguru.com.sg//project/burlington-square-447,apartment,179.0
JLB Residences,https://www.propertyguru.com.sg//project/jlb-residences-454,apartment,36.0
The Linear,https://www.propertyguru.com.sg//project/the-linear-464,apartment,221.0
Vida,https://www.propertyguru.com.sg//project/vida-472,apartment,137.0
Balmoral Heights,https://www.propertyguru.com.sg//project/balmoral-heights-465,apartment,44.0
The Cassandra,https://www.propertyguru.com.sg//project/the-cassandra-469,apartment,20.0
Butterworth 33,https://www.propertyguru.com.sg//project/butterworth-33-475,apartment,20.0
Kovan Primera,https://www.propertyguru.com.sg//project/kovan-primera-479,apartment,22.0
Eng Hoon Mansions,https://www.propertyguru.com.sg//project/eng-hoon-mansions-495,apartment,19.0
Wing on Life Garden,https://www.propertyguru.com.sg//project/wing-on-life-garden-503,apartment,81.0
The Midas,https://www.propertyguru.com.sg//project/the-midas-491,apartment,28.0
The Draycott,https://www.propertyguru.com.sg//project/the-draycott-513,apartment,132.0
East Elegance,https://www.propertyguru.com.sg//project/east-elegance-487,apartment,20.0
Balestier Plaza,https://www.propertyguru.com.sg//project/balestier-plaza-488,apartment,77.0
The Regalia,https://www.propertyguru.com.sg//project/the-regalia-515,apartment,116.0
Leonie Towers,https://www.propertyguru.com.sg//project/leonie-towers-518,apartment,92.0
The Sunny Spring,https://www.propertyguru.com.sg//project/the-sunny-spring-509,apartment,338.0
One @ Pulasan,https://www.propertyguru.com.sg//project/one-pulasan-522,apartment,31.0
Kim Sia Court,https://www.propertyguru.com.sg//project/kim-sia-court-512,apartment,172.0
Fortuna Court,https://www.propertyguru.com.sg//project/fortuna-court-527,apartment,
Shanghai One,https://www.propertyguru.com.sg//project/shanghai-one-528,apartment,52.0
City Regency,https://www.propertyguru.com.sg//project/city-regency-557,apartment,56.0
Suites @ Surrey,https://www.propertyguru.com.sg//project/suites-surrey-547,apartment,20.0
Papillon,https://www.propertyguru.com.sg//project/papillon-537,apartment,73.0
Worthington,https://www.propertyguru.com.sg//project/worthington-540,apartment,30.0
Lakeside Apartments,https://www.propertyguru.com.sg//project/lakeside-apartments-571,apartment,120.0
Newton 18,https://www.propertyguru.com.sg//project/newton-18-565,apartment,81.0
Botanic Gardens Mansion,https://www.propertyguru.com.sg//project/botanic-gardens-mansion-556,apartment,112.0
Saint Patrick's Loft,https://www.propertyguru.com.sg//project/saint-patrick-s-loft-560,apartment,37.0
Sunshine Plaza,https://www.propertyguru.com.sg//project/sunshine-plaza-576,apartment,160.0
Orchard Towers,https://www.propertyguru.com.sg//project/orchard-towers-564,apartment,58.0
Spring @ Katong,https://www.propertyguru.com.sg//project/spring-katong-561,apartment,52.0
Hougang Green,https://www.propertyguru.com.sg//project/hougang-green-598,apartment,90.0
Sin Ming Plaza,https://www.propertyguru.com.sg//project/sin-ming-plaza-587,apartment,102.0
Sunville,https://www.propertyguru.com.sg//project/sunville-575,apartment,147.0
Canne Lodge,https://www.propertyguru.com.sg//project/canne-lodge-589,apartment,34.0
Cavenagh House,https://www.propertyguru.com.sg//project/cavenagh-house-597,apartment,46.0
Cadence Light,https://www.propertyguru.com.sg//project/cadence-light-609,apartment,16.0
Birmingham Mansions,https://www.propertyguru.com.sg//project/birmingham-mansions-607,apartment,65.0
Legenda @ Joo Chiat,https://www.propertyguru.com.sg//project/legenda-joo-chiat-612,apartment,100.0
The Sunny Legend,https://www.propertyguru.com.sg//project/the-sunny-legend-605,apartment,12.0
Parc Haven,https://www.propertyguru.com.sg//project/parc-haven-594,apartment,137.0
Le Merritt,https://www.propertyguru.com.sg//project/le-merritt-614,apartment,23.0
City Plaza,https://www.propertyguru.com.sg//project/city-plaza-620,apartment,516.0
Rajah Towers,https://www.propertyguru.com.sg//project/rajah-towers-618,apartment,98.0
Wing Fong Mansions,https://www.propertyguru.com.sg//project/wing-fong-mansions-630,apartment,218.0
Rosyth Residence,https://www.propertyguru.com.sg//project/rosyth-residence-624,apartment,16.0
St Francis Court,https://www.propertyguru.com.sg//project/st-francis-court-633,apartment,71.0
Angullia Park Residences @ Orchard,https://www.propertyguru.com.sg//project/angullia-park-residences-orchard-638,apartment,46.0
The Woodgrove,https://www.propertyguru.com.sg//project/the-woodgrove-651,apartment,72.0
D'Palma,https://www.propertyguru.com.sg//project/d-palma-642,apartment,18.0
Jervois Jade,https://www.propertyguru.com.sg//project/jervois-jade-625,apartment,45.0
Novena Suites,https://www.propertyguru.com.sg//project/novena-suites-650,apartment,92.0
Townhouse Apartments,https://www.propertyguru.com.sg//project/townhouse-apartments-654,apartment,48.0
Kentish Court,https://www.propertyguru.com.sg//project/kentish-court-653,apartment,77.0
Harvest Mansions,https://www.propertyguru.com.sg//project/harvest-mansions-662,apartment,66.0
Gracious Mansions,https://www.propertyguru.com.sg//project/gracious-mansions-670,apartment,
Carlyx Residence,https://www.propertyguru.com.sg//project/carlyx-residence-682,apartment,12.0
JC Residence,https://www.propertyguru.com.sg//project/jc-residence-684,apartment,12.0
Nassim Mansion,https://www.propertyguru.com.sg//project/nassim-mansion-679,apartment,72.0
Regency Lodge,https://www.propertyguru.com.sg//project/regency-lodge-680,apartment,20.0
Pearl's Centre,https://www.propertyguru.com.sg//project/pearl-s-centre-675,apartment,44.0
Crystal Rhu,https://www.propertyguru.com.sg//project/crystal-rhu-687,apartment,45.0
Grange Heights,https://www.propertyguru.com.sg//project/grange-heights-672,apartment,120.0
Cavenagh Court,https://www.propertyguru.com.sg//project/cavenagh-court-677,apartment,68.0
Eastwood Centre,https://www.propertyguru.com.sg//project/eastwood-centre-686,apartment,48.0
Residence 118,https://www.propertyguru.com.sg//project/residence-118-676,apartment,
The Vermilion,https://www.propertyguru.com.sg//project/the-vermilion-694,apartment,
The Paterson Edge,https://www.propertyguru.com.sg//project/the-paterson-edge-698,apartment,61.0
St Patrick's Villa,https://www.propertyguru.com.sg//project/st-patrick-s-villa-674,apartment,
Lucky Plaza,https://www.propertyguru.com.sg//project/lucky-plaza-708,apartment,88.0
The Odeon Katong,https://www.propertyguru.com.sg//project/the-odeon-katong-692,apartment,30.0
The Bencoolen,https://www.propertyguru.com.sg//project/the-bencoolen-700,apartment,94.0
Clydes Residence,https://www.propertyguru.com.sg//project/clydes-residence-710,apartment,48.0
De Lente,https://www.propertyguru.com.sg//project/de-lente-705,apartment,30.0
Santa Fe Mansions,https://www.propertyguru.com.sg//project/santa-fe-mansions-704,apartment,46.0
Queensberry Lodge,https://www.propertyguru.com.sg//project/queensberry-lodge-703,apartment,12.0
Crystal De Azure,https://www.propertyguru.com.sg//project/crystal-de-azure-706,apartment,12.0
Grand Residence,https://www.propertyguru.com.sg//project/grand-residence-727,apartment,12.0
Mandale Heights,https://www.propertyguru.com.sg//project/mandale-heights-712,apartment,96.0
Jervois View,https://www.propertyguru.com.sg//project/jervois-view-731,apartment,16.0
Evelyn Mansions,https://www.propertyguru.com.sg//project/evelyn-mansions-734,apartment,40.0
Ritz Mansions,https://www.propertyguru.com.sg//project/ritz-mansions-723,apartment,126.0
Platinum Edge,https://www.propertyguru.com.sg//project/platinum-edge-718,apartment,51.0
Cai Yuan Mansions,https://www.propertyguru.com.sg//project/cai-yuan-mansions-722,apartment,
Oxford Suites,https://www.propertyguru.com.sg//project/oxford-suites-753,apartment,60.0
Axis @ Siglap,https://www.propertyguru.com.sg//project/axis-siglap-755,apartment,40.0
Moonstone Residences,https://www.propertyguru.com.sg//project/moonstone-residences-759,apartment,76.0
Parc Mondrian,https://www.propertyguru.com.sg//project/parc-mondrian-752,apartment,100.0
High Point,https://www.propertyguru.com.sg//project/high-point-725,apartment,57.0
Lakeside Tower,https://www.propertyguru.com.sg//project/lakeside-tower-742,apartment,144.0
Sims Dorado,https://www.propertyguru.com.sg//project/sims-dorado-768,apartment,35.0
Kentish Lodge,https://www.propertyguru.com.sg//project/kentish-lodge-772,apartment,75.0
The Plaza,https://www.propertyguru.com.sg//project/the-plaza-761,apartment,234.0
The Acacias,https://www.propertyguru.com.sg//project/the-acacias-767,apartment,65.0
Centrepoint,https://www.propertyguru.com.sg//project/centrepoint-769,apartment,66.0
The View @ Meyer,https://www.propertyguru.com.sg//project/the-view-meyer-758,apartment,45.0
Lien Towers,https://www.propertyguru.com.sg//project/lien-towers-775,apartment,24.0
Langston Ville,https://www.propertyguru.com.sg//project/langston-ville-781,apartment,54.0
Skypark @ Somerset,https://www.propertyguru.com.sg//project/skypark-somerset-776,apartment,29.0
Mackenzie 138,https://www.propertyguru.com.sg//project/mackenzie-138-770,apartment,35.0
Bellezza @ Katong,https://www.propertyguru.com.sg//project/bellezza-katong-771,apartment,24.0
Euro-Asia Court,https://www.propertyguru.com.sg//project/euro-asia-court-797,apartment,105.0
Rajah Maisonette,https://www.propertyguru.com.sg//project/rajah-maisonette-792,apartment,
Emerald East,https://www.propertyguru.com.sg//project/emerald-east-820,apartment,50.0
Riverwalk Apartments,https://www.propertyguru.com.sg//project/riverwalk-apartments-817,apartment,94.0
Cavenagh Gardens,https://www.propertyguru.com.sg//project/cavenagh-gardens-814,apartment,172.0
The Springs,https://www.propertyguru.com.sg//project/the-springs-807,apartment,62.0
Gambier Court,https://www.propertyguru.com.sg//project/gambier-court-818,apartment,23.0
Fortune Jade,https://www.propertyguru.com.sg//project/fortune-jade-827,apartment,85.0
Seraya Breeze,https://www.propertyguru.com.sg//project/seraya-breeze-910,apartment,17.0
Mutiara View,https://www.propertyguru.com.sg//project/mutiara-view-878,apartment,64.0
J C Draycott,https://www.propertyguru.com.sg//project/j-c-draycott-906,apartment,35.0
Balmoral Point,https://www.propertyguru.com.sg//project/balmoral-point-894,apartment,31.0
Stillingia Court,https://www.propertyguru.com.sg//project/stillingia-court-899,apartment,
The Centrio,https://www.propertyguru.com.sg//project/the-centrio-969,apartment,53.0
The Rochester,https://www.propertyguru.com.sg//project/the-rochester-959,apartment,334.0
Tyrwhitt 139,https://www.propertyguru.com.sg//project/tyrwhitt-139-967,apartment,48.0
Scotts Square,https://www.propertyguru.com.sg//project/scotts-square-961,apartment,338.0
CityVista Residences,https://www.propertyguru.com.sg//project/cityvista-residences-973,apartment,70.0
The Riverine By The Park,https://www.propertyguru.com.sg//project/the-riverine-by-the-park-968,apartment,100.0
The Champagne,https://www.propertyguru.com.sg//project/the-champagne-1049,apartment,46.0
Kasturina Lodge,https://www.propertyguru.com.sg//project/kasturina-lodge-1053,apartment,60.0
Heritage Residences,https://www.propertyguru.com.sg//project/heritage-residences-1041,apartment,19.0
Kellock Lodge,https://www.propertyguru.com.sg//project/kellock-lodge-1046,apartment,48.0
Residences @ Somme,https://www.propertyguru.com.sg//project/residences-somme-1040,apartment,28.0
Palazzetto,https://www.propertyguru.com.sg//project/palazzetto-1044,apartment,32.0
E-Space,https://www.propertyguru.com.sg//project/e-space-1047,apartment,14.0
Livingston Mansions,https://www.propertyguru.com.sg//project/livingston-mansions-1052,apartment,
One Tree Hill Mansions,https://www.propertyguru.com.sg//project/one-tree-hill-mansions-1106,apartment,48.0
Estilo,https://www.propertyguru.com.sg//project/estilo-1108,apartment,58.0
Mera East,https://www.propertyguru.com.sg//project/mera-east-1097,apartment,56.0
The Amston,https://www.propertyguru.com.sg//project/the-amston-1101,apartment,52.0
Mountbatten Regency,https://www.propertyguru.com.sg//project/mountbatten-regency-1093,apartment,13.0
Holland Hill Lodge,https://www.propertyguru.com.sg//project/holland-hill-lodge-1087,apartment,11.0
Woollerton Park,https://www.propertyguru.com.sg//project/woollerton-park-1090,apartment,72.0
Mountbatten Lodge,https://www.propertyguru.com.sg//project/mountbatten-lodge-1096,apartment,28.0
Aquene,https://www.propertyguru.com.sg//project/aquene-1086,apartment,22.0
Orchard Parksuites,https://www.propertyguru.com.sg//project/orchard-parksuites-1183,apartment,222.0
Balmoral Crest,https://www.propertyguru.com.sg//project/balmoral-crest-1175,apartment,24.0
The Sentinel,https://www.propertyguru.com.sg//project/the-sentinel-1194,apartment,14.0
Wilkie Regency,https://www.propertyguru.com.sg//project/wilkie-regency-1190,apartment,30.0
Charleston,https://www.propertyguru.com.sg//project/charleston-1196,apartment,48.0
Honolulu Tower,https://www.propertyguru.com.sg//project/honolulu-tower-1179,apartment,30.0
Jaya Tower,https://www.propertyguru.com.sg//project/jaya-tower-1180,apartment,28.0
Sunflower Grandeur,https://www.propertyguru.com.sg//project/sunflower-grandeur-1192,apartment,32.0
Paya Lebar Residences,https://www.propertyguru.com.sg//project/paya-lebar-residences-1195,apartment,117.0
The Spinnaker,https://www.propertyguru.com.sg//project/the-spinnaker-1188,apartment,36.0
Jansen 28,https://www.propertyguru.com.sg//project/jansen-28-1225,apartment,30.0
The Element @ Stevens,https://www.propertyguru.com.sg//project/the-element-stevens-1218,apartment,17.0
Buckley Residences,https://www.propertyguru.com.sg//project/buckley-residences-1303,apartment,13.0
Parc Sophia,https://www.propertyguru.com.sg//project/parc-sophia-1300,apartment,152.0
Crystal Heights,https://www.propertyguru.com.sg//project/crystal-heights-1304,apartment,17.0
3 @ Sandilands,https://www.propertyguru.com.sg//project/3-sandilands-1302,apartment,20.0
Crane Court,https://www.propertyguru.com.sg//project/crane-court-1313,apartment,14.0
Shelford Suites,https://www.propertyguru.com.sg//project/shelford-suites-1318,apartment,77.0
Reignwood Hamilton Scotts,https://www.propertyguru.com.sg//project/reignwood-hamilton-scotts-1311,apartment,56.0
M21 Residences,https://www.propertyguru.com.sg//project/m21-residences-1297,apartment,61.0
Orange Regency,https://www.propertyguru.com.sg//project/orange-regency-1301,apartment,15.0
Parc Mackenzie,https://www.propertyguru.com.sg//project/parc-mackenzie-1306,apartment,42.0
D'Fresco,https://www.propertyguru.com.sg//project/d-fresco-1305,apartment,30.0
Leonie Suites,https://www.propertyguru.com.sg//project/leonie-suites-177,apartment,97.0
Maysprings,https://www.propertyguru.com.sg//project/maysprings-175,apartment,636.0
Robertson Edge,https://www.propertyguru.com.sg//project/robertson-edge-168,apartment,70.0
Kentish Green,https://www.propertyguru.com.sg//project/kentish-green-848,apartment,122.0
Jervois Regency,https://www.propertyguru.com.sg//project/jervois-regency-837,apartment,39.0
East Coast Mansions,https://www.propertyguru.com.sg//project/east-coast-mansions-835,apartment,
The Arris,https://www.propertyguru.com.sg//project/the-arris-810,apartment,63.0
Ever Lodge,https://www.propertyguru.com.sg//project/ever-lodge-823,apartment,10.0
Le Chateau,https://www.propertyguru.com.sg//project/le-chateau-841,apartment,35.0
Queensway Tower,https://www.propertyguru.com.sg//project/queensway-tower-821,apartment,76.0
Soho @ Farrer,https://www.propertyguru.com.sg//project/soho-farrer-803,apartment,20.0
Sims Residences,https://www.propertyguru.com.sg//project/sims-residences-826,apartment,112.0
Hollandswood Court,https://www.propertyguru.com.sg//project/hollandswood-court-901,apartment,27.0
Palm Mansions,https://www.propertyguru.com.sg//project/palm-mansions-921,apartment,30.0
Ville Royale,https://www.propertyguru.com.sg//project/ville-royale-895,apartment,43.0
Gilstead 38,https://www.propertyguru.com.sg//project/gilstead-38-913,apartment,23.0
Orchard Court,https://www.propertyguru.com.sg//project/orchard-court-904,apartment,96.0
Helios Residences,https://www.propertyguru.com.sg//project/helios-residences-970,apartment,140.0
Vanadium,https://www.propertyguru.com.sg//project/vanadium-990,apartment,35.0
Siglap Court,https://www.propertyguru.com.sg//project/siglap-court-987,apartment,12.0
Novena Court,https://www.propertyguru.com.sg//project/novena-court-986,apartment,107.0
Mackenzie 88,https://www.propertyguru.com.sg//project/mackenzie-88-975,apartment,55.0
Prestige Residence,https://www.propertyguru.com.sg//project/prestige-residence-988,apartment,16.0
Thomson V One,https://www.propertyguru.com.sg//project/thomson-v-one-979,apartment,21.0
Bliss Residences,https://www.propertyguru.com.sg//project/bliss-residences-993,apartment,23.0
The Vesta,https://www.propertyguru.com.sg//project/the-vesta-985,apartment,20.0
Mutiara Crest,https://www.propertyguru.com.sg//project/mutiara-crest-1032,apartment,37.0
Kovan Esquire,https://www.propertyguru.com.sg//project/kovan-esquire-1036,apartment,23.0
Stevens Loft,https://www.propertyguru.com.sg//project/stevens-loft-1019,apartment,28.0
The Legacy,https://www.propertyguru.com.sg//project/the-legacy-1034,apartment,17.0
Regal Court,https://www.propertyguru.com.sg//project/regal-court-1035,apartment,55.0
Carlyx Green,https://www.propertyguru.com.sg//project/carlyx-green-1172,apartment,21.0
Amber Residences,https://www.propertyguru.com.sg//project/amber-residences-1169,apartment,114.0
Hollandia,https://www.propertyguru.com.sg//project/hollandia-1178,apartment,48.0
The Thomson Duplex,https://www.propertyguru.com.sg//project/the-thomson-duplex-1164,apartment,6.0
De Centurion,https://www.propertyguru.com.sg//project/de-centurion-1165,apartment,42.0
St Francis Lodge,https://www.propertyguru.com.sg//project/st-francis-lodge-1233,apartment,36.0
Sunflower Regency,https://www.propertyguru.com.sg//project/sunflower-regency-1246,apartment,14.0
Residence 66,https://www.propertyguru.com.sg//project/residence-66-1248,apartment,18.0
The Azzuro,https://www.propertyguru.com.sg//project/the-azzuro-1251,apartment,15.0
Suites @ Owen,https://www.propertyguru.com.sg//project/suites-owen-1255,apartment,20.0
Veranda,https://www.propertyguru.com.sg//project/veranda-1250,apartment,24.0
Martin No 38,https://www.propertyguru.com.sg//project/martin-no-38-1249,apartment,91.0
Martia Residence,https://www.propertyguru.com.sg//project/martia-residence-1252,apartment,20.0
The Hermitage,https://www.propertyguru.com.sg//project/the-hermitage-1221,apartment,32.0
Jubilee Residence,https://www.propertyguru.com.sg//project/jubilee-residence-1337,apartment,19.0
The Aristo,https://www.propertyguru.com.sg//project/the-aristo-1340,apartment,56.0
Studios @ Marne,https://www.propertyguru.com.sg//project/studios-marne-1334,apartment,46.0
Riverside 48,https://www.propertyguru.com.sg//project/riverside-48-1333,apartment,70.0
Martia 8,https://www.propertyguru.com.sg//project/martia-8-1320,apartment,16.0
Kovana,https://www.propertyguru.com.sg//project/kovana-1326,apartment,18.0
Cavenagh Lodge,https://www.propertyguru.com.sg//project/cavenagh-lodge-1345,apartment,41.0
Grand Regalia,https://www.propertyguru.com.sg//project/grand-regalia-1462,apartment,15.0
Lucky Court,https://www.propertyguru.com.sg//project/lucky-court-1451,apartment,15.0
Casa Aroma,https://www.propertyguru.com.sg//project/casa-aroma-1452,apartment,10.0
Braddell View,https://www.propertyguru.com.sg//project/braddell-view-199,apartment,438.0
Visioncrest,https://www.propertyguru.com.sg//project/visioncrest-198,apartment,265.0
Evergreen Park,https://www.propertyguru.com.sg//project/evergreen-park-188,apartment,394.0
Imperial Heights,https://www.propertyguru.com.sg//project/imperial-heights-201,apartment,100.0
Parkview Apartments,https://www.propertyguru.com.sg//project/parkview-apartments-213,apartment,532.0
Lumiere,https://www.propertyguru.com.sg//project/lumiere-219,apartment,168.0
The Waterina,https://www.propertyguru.com.sg//project/the-waterina-221,apartment,398.0
The Arc at Draycott,https://www.propertyguru.com.sg//project/the-arc-at-draycott-225,apartment,58.0
Intero,https://www.propertyguru.com.sg//project/intero-241,apartment,48.0
Meyer Residence,https://www.propertyguru.com.sg//project/meyer-residence-223,apartment,68.0
Northvale,https://www.propertyguru.com.sg//project/northvale-227,apartment,762.0
The Medge,https://www.propertyguru.com.sg//project/the-medge-235,apartment,44.0
Cairnhill Residences,https://www.propertyguru.com.sg//project/cairnhill-residences-234,apartment,97.0
The Geranium,https://www.propertyguru.com.sg//project/the-geranium-248,apartment,62.0
Spring Residences,https://www.propertyguru.com.sg//project/spring-residences-21841,apartment,22.0
Gillenia,https://www.propertyguru.com.sg//project/gillenia-1364,apartment,16.0
Kovan Court,https://www.propertyguru.com.sg//project/kovan-court-1353,apartment,16.0
Mulberry Tree,https://www.propertyguru.com.sg//project/mulberry-tree-1357,apartment,32.0
Oxley Garden,https://www.propertyguru.com.sg//project/oxley-garden-1370,apartment,46.0
Parc Aston,https://www.propertyguru.com.sg//project/parc-aston-1366,apartment,16.0
Naturalis,https://www.propertyguru.com.sg//project/naturalis-1378,apartment,43.0
Bella Vista,https://www.propertyguru.com.sg//project/bella-vista-1381,apartment,16.0
Ventana,https://www.propertyguru.com.sg//project/ventana-1371,apartment,39.0
Nova 48,https://www.propertyguru.com.sg//project/nova-48-1396,apartment,48.0
Nova 88,https://www.propertyguru.com.sg//project/nova-88-1397,apartment,88.0
833 M B Residences,https://www.propertyguru.com.sg//project/833-m-b-residences-1398,apartment,20.0
Astoria Apartment,https://www.propertyguru.com.sg//project/astoria-apartment-1387,apartment,36.0
The Capri,https://www.propertyguru.com.sg//project/the-capri-1389,apartment,18.0
The Silver Fir,https://www.propertyguru.com.sg//project/the-silver-fir-1399,apartment,33.0
Keng Lee View,https://www.propertyguru.com.sg//project/keng-lee-view-1408,apartment,
RV Suites,https://www.propertyguru.com.sg//project/rv-suites-1400,apartment,96.0
Pasir Panjang Court,https://www.propertyguru.com.sg//project/pasir-panjang-court-1439,apartment,
Dunearn Lodge,https://www.propertyguru.com.sg//project/dunearn-lodge-1430,apartment,14.0
Orchid Apartment,https://www.propertyguru.com.sg//project/orchid-apartment-1442,apartment,52.0
Hong Heng Mansions,https://www.propertyguru.com.sg//project/hong-heng-mansions-1443,apartment,41.0
One Chatsworth,https://www.propertyguru.com.sg//project/one-chatsworth-851,apartment,45.0
Casa Novacrest,https://www.propertyguru.com.sg//project/casa-novacrest-832,apartment,20.0
Sun Plaza,https://www.propertyguru.com.sg//project/sun-plaza-829,apartment,76.0
Hillview 128,https://www.propertyguru.com.sg//project/hillview-128-856,apartment,90.0
Leith Grove,https://www.propertyguru.com.sg//project/leith-grove-858,apartment,16.0
Balestier Point,https://www.propertyguru.com.sg//project/balestier-point-853,apartment,68.0
Rose Ville,https://www.propertyguru.com.sg//project/rose-ville-865,apartment,
Chateau Le Fame,https://www.propertyguru.com.sg//project/chateau-le-fame-945,apartment,39.0
Thong Sia Building,https://www.propertyguru.com.sg//project/thong-sia-building-935,apartment,37.0
Manhattan Mansions,https://www.propertyguru.com.sg//project/manhattan-mansions-950,apartment,29.0
Lakeview Estate,https://www.propertyguru.com.sg//project/lakeview-estate-938,apartment,240.0
Balestier Regency,https://www.propertyguru.com.sg//project/balestier-regency-1015,apartment,72.0
The Espira,https://www.propertyguru.com.sg//project/the-espira-1023,apartment,40.0
Fortredale,https://www.propertyguru.com.sg//project/fortredale-1016,apartment,32.0
Eastcove Residences,https://www.propertyguru.com.sg//project/eastcove-residences-1011,apartment,
East Galleria,https://www.propertyguru.com.sg//project/east-galleria-1025,apartment,29.0
Craig Place,https://www.propertyguru.com.sg//project/craig-place-1017,apartment,58.0
Botanika,https://www.propertyguru.com.sg//project/botanika-1012,apartment,34.0
Le Conney Park,https://www.propertyguru.com.sg//project/le-conney-park-1007,apartment,44.0
Palm Green,https://www.propertyguru.com.sg//project/palm-green-1073,apartment,40.0
Race Course 138,https://www.propertyguru.com.sg//project/race-course-138-1069,apartment,24.0
Harbourlights,https://www.propertyguru.com.sg//project/harbourlights-1039,apartment,139.0
Crystal Court,https://www.propertyguru.com.sg//project/crystal-court-1065,apartment,16.0
Singa Gardens,https://www.propertyguru.com.sg//project/singa-gardens-1042,apartment,
The Taipan,https://www.propertyguru.com.sg//project/the-taipan-1057,apartment,26.0
The Princeton,https://www.propertyguru.com.sg//project/the-princeton-1051,apartment,37.0
Holland Mews,https://www.propertyguru.com.sg//project/holland-mews-1063,apartment,21.0
The 101,https://www.propertyguru.com.sg//project/the-101-1058,apartment,20.0
The Beacon Edge,https://www.propertyguru.com.sg//project/the-beacon-edge-1147,apartment,32.0
Costa Este,https://www.propertyguru.com.sg//project/costa-este-1203,apartment,28.0
Tiara,https://www.propertyguru.com.sg//project/tiara-1209,apartment,264.0
Nassim 9,https://www.propertyguru.com.sg//project/nassim-9-1211,apartment,8.0
Wilkie 80,https://www.propertyguru.com.sg//project/wilkie-80-1202,apartment,50.0
Lucida,https://www.propertyguru.com.sg//project/lucida-1206,apartment,62.0
Zenith @ Zion,https://www.propertyguru.com.sg//project/zenith-zion-1205,apartment,85.0
Signature Residence,https://www.propertyguru.com.sg//project/signature-residence-1199,apartment,8.0
38 Draycott Drive,https://www.propertyguru.com.sg//project/38-draycott-drive-1208,apartment,30.0
The Vines,https://www.propertyguru.com.sg//project/the-vines-1201,apartment,35.0
The Ambrosia,https://www.propertyguru.com.sg//project/the-ambrosia-1265,apartment,39.0
Evania,https://www.propertyguru.com.sg//project/evania-1283,apartment,35.0
The Florentine,https://www.propertyguru.com.sg//project/the-florentine-1271,apartment,34.0
Callidora Ville,https://www.propertyguru.com.sg//project/callidora-ville-1270,apartment,34.0
The Sunshine,https://www.propertyguru.com.sg//project/the-sunshine-1253,apartment,45.0
Jia,https://www.propertyguru.com.sg//project/jia-1331,apartment,22.0
Suites 123,https://www.propertyguru.com.sg//project/suites-123-1346,apartment,37.0
Bliss Regalia,https://www.propertyguru.com.sg//project/bliss-regalia-1329,apartment,8.0
8 Eden Grove,https://www.propertyguru.com.sg//project/8-eden-grove-19,apartment,41.0
Asimont @ Barker,https://www.propertyguru.com.sg//project/asimont-barker-52,apartment,16.0
Apleton View,https://www.propertyguru.com.sg//project/apleton-view-43,apartment,37.0
Aquarine Gardens,https://www.propertyguru.com.sg//project/aquarine-gardens-45,apartment,12.0
Atrium Residences,https://www.propertyguru.com.sg//project/atrium-residences-56,apartment,142.0
Ava Towers,https://www.propertyguru.com.sg//project/ava-towers-58,apartment,124.0
East Shine,https://www.propertyguru.com.sg//project/east-shine-1428,apartment,25.0
Sunshine Grandeur,https://www.propertyguru.com.sg//project/sunshine-grandeur-1424,apartment,18.0
View Point Mansion,https://www.propertyguru.com.sg//project/view-point-mansion-1420,apartment,71.0
Mint Residences @ Jansen,https://www.propertyguru.com.sg//project/mint-residences-jansen-1421,apartment,18.0
Harmony @ 1A,https://www.propertyguru.com.sg//project/harmony-1a-1422,apartment,12.0
Rosevale,https://www.propertyguru.com.sg//project/rosevale-861,apartment,32.0
Ultra Mansion,https://www.propertyguru.com.sg//project/ultra-mansion-874,apartment,48.0
D'Evelyn,https://www.propertyguru.com.sg//project/d-evelyn-868,apartment,24.0
Pristine Heights,https://www.propertyguru.com.sg//project/pristine-heights-870,apartment,60.0
Equatorial Apartments,https://www.propertyguru.com.sg//project/equatorial-apartments-880,apartment,61.0
The Oxley,https://www.propertyguru.com.sg//project/the-oxley-864,apartment,39.0
Nadia Mansions,https://www.propertyguru.com.sg//project/nadia-mansions-869,apartment,68.0
Telok Blangah House,https://www.propertyguru.com.sg//project/telok-blangah-house-866,apartment,43.0
Rosyth Ville,https://www.propertyguru.com.sg//project/rosyth-ville-879,apartment,16.0
Jansen Spring,https://www.propertyguru.com.sg//project/jansen-spring-889,apartment,
Leonie Parc View,https://www.propertyguru.com.sg//project/leonie-parc-view-928,apartment,44.0
Dawn Ville,https://www.propertyguru.com.sg//project/dawn-ville-931,apartment,46.0
Claremont,https://www.propertyguru.com.sg//project/claremont-924,apartment,67.0
Peach Garden,https://www.propertyguru.com.sg//project/peach-garden-915,apartment,41.0
Sam Kiang Mansions,https://www.propertyguru.com.sg//project/sam-kiang-mansions-936,apartment,53.0
Setia Residences,https://www.propertyguru.com.sg//project/setia-residences-934,apartment,24.0
Sims Green,https://www.propertyguru.com.sg//project/sims-green-925,apartment,108.0
Palm Loft,https://www.propertyguru.com.sg//project/palm-loft-999,apartment,19.0
The Lumos,https://www.propertyguru.com.sg//project/the-lumos-998,apartment,53.0
The Marque at Irrawaddy,https://www.propertyguru.com.sg//project/the-marque-at-irrawaddy-984,apartment,48.0
East View,https://www.propertyguru.com.sg//project/east-view-997,apartment,60.0
The Daffodil,https://www.propertyguru.com.sg//project/the-daffodil-1001,apartment,65.0
Butterworth View,https://www.propertyguru.com.sg//project/butterworth-view-1009,apartment,49.0
Katong Omega Apartment,https://www.propertyguru.com.sg//project/katong-omega-apartment-1084,apartment,24.0
Peace Mansions,https://www.propertyguru.com.sg//project/peace-mansions-1081,apartment,42.0
Casero @ Dunman,https://www.propertyguru.com.sg//project/casero-dunman-1076,apartment,15.0
Century Mansions,https://www.propertyguru.com.sg//project/century-mansions-1070,apartment,64.0
Martin Edge,https://www.propertyguru.com.sg//project/martin-edge-1079,apartment,9.0
Botanic Gardens View,https://www.propertyguru.com.sg//project/botanic-gardens-view-1080,apartment,144.0
The Belleforte,https://www.propertyguru.com.sg//project/the-belleforte-1095,apartment,74.0
Niven Loft,https://www.propertyguru.com.sg//project/niven-loft-1107,apartment,12.0
Grandlink Square,https://www.propertyguru.com.sg//project/grandlink-square-1114,apartment,71.0
Faber Hills,https://www.propertyguru.com.sg//project/faber-hills-1122,apartment,96.0
Gallery 8,https://www.propertyguru.com.sg//project/gallery-8-1110,apartment,32.0
Public Mansion,https://www.propertyguru.com.sg//project/public-mansion-1121,apartment,42.0
Golden Heights,https://www.propertyguru.com.sg//project/golden-heights-1112,apartment,53.0
Galaxy Towers,https://www.propertyguru.com.sg//project/galaxy-towers-1130,apartment,64.0
Summer View,https://www.propertyguru.com.sg//project/summer-view-1124,apartment,19.0
Homey Gardens,https://www.propertyguru.com.sg//project/homey-gardens-1132,apartment,24.0
Sembawang Cottage,https://www.propertyguru.com.sg//project/sembawang-cottage-1118,apartment,20.0
Breeze By The East,https://www.propertyguru.com.sg//project/breeze-by-the-east-1285,apartment,88.0
Ivory,https://www.propertyguru.com.sg//project/ivory-1289,apartment,20.0
Espira Spring,https://www.propertyguru.com.sg//project/espira-spring-1268,apartment,30.0
Coastal View Residences,https://www.propertyguru.com.sg//project/coastal-view-residences-1274,apartment,40.0
The Coterie at Holland,https://www.propertyguru.com.sg//project/the-coterie-at-holland-1282,apartment,36.0
Casa Meya,https://www.propertyguru.com.sg//project/casa-meya-1284,apartment,25.0
Citigate Residence,https://www.propertyguru.com.sg//project/citigate-residence-1281,apartment,28.0
Celestia,https://www.propertyguru.com.sg//project/celestia-1269,apartment,39.0
Adam Place,https://www.propertyguru.com.sg//project/adam-place-26,apartment,24.0
Airview Towers,https://www.propertyguru.com.sg//project/airview-towers-28,apartment,96.0
336 River Valley,https://www.propertyguru.com.sg//project/336-river-valley-21,apartment,60.0
Arthur 118,https://www.propertyguru.com.sg//project/arthur-118-49,apartment,55.0
Apollo Gardens,https://www.propertyguru.com.sg//project/apollo-gardens-44,apartment,38.0
The Clift,https://www.propertyguru.com.sg//project/the-clift-117,apartment,312.0
Watermark Robertson Quay,https://www.propertyguru.com.sg//project/watermark-robertson-quay-160,apartment,206.0
Regency Suites,https://www.propertyguru.com.sg//project/regency-suites-170,apartment,104.0
Botanic Lodge,https://www.propertyguru.com.sg//project/botanic-lodge-1476,apartment,
Espira Residence,https://www.propertyguru.com.sg//project/espira-residence-1473,apartment,16.0
Claymore Plaza Apartments,https://www.propertyguru.com.sg//project/claymore-plaza-apartments-1479,apartment,24.0
Lutheran Towers,https://www.propertyguru.com.sg//project/lutheran-towers-1480,apartment,76.0
Abelia,https://www.propertyguru.com.sg//project/abelia-1481,apartment,
Acacia Lodge,https://www.propertyguru.com.sg//project/acacia-lodge-1482,apartment,
Affluence Court,https://www.propertyguru.com.sg//project/affluence-court-1486,apartment,7.0
Shelford 23,https://www.propertyguru.com.sg//project/shelford-23-1493,apartment,33.0
Kum Hing Court,https://www.propertyguru.com.sg//project/kum-hing-court-1474,apartment,112.0
Advance Apartments,https://www.propertyguru.com.sg//project/advance-apartments-1485,apartment,
Accord Apartments,https://www.propertyguru.com.sg//project/accord-apartments-1483,apartment,
Springvale,https://www.propertyguru.com.sg//project/springvale-1494,apartment,36.0
The Mezzo,https://www.propertyguru.com.sg//project/the-mezzo-1551,apartment,127.0
Optima @ Tanah Merah,https://www.propertyguru.com.sg//project/optima-tanah-merah-1559,apartment,297.0
Ritz Regency,https://www.propertyguru.com.sg//project/ritz-regency-1562,apartment,27.0
Boon Teck Apartments,https://www.propertyguru.com.sg//project/boon-teck-apartments-1799,apartment,24.0
Cheng Hoe House,https://www.propertyguru.com.sg//project/cheng-hoe-house-1810,apartment,
Emerald Hill Apartment,https://www.propertyguru.com.sg//project/emerald-hill-apartment-1907,apartment,40.0
East View 18,https://www.propertyguru.com.sg//project/east-view-18-1894,apartment,
East 25 Apartments,https://www.propertyguru.com.sg//project/east-25-apartments-1888,apartment,
El Centro,https://www.propertyguru.com.sg//project/el-centro-1905,apartment,39.0
Eastwood Lodge,https://www.propertyguru.com.sg//project/eastwood-lodge-1900,apartment,16.0
Far East Plaza Deluxe Service Apartment,https://www.propertyguru.com.sg//project/far-east-plaza-deluxe-service-apartment-1928,apartment,
Fuyuen Court,https://www.propertyguru.com.sg//project/fuyuen-court-1941,apartment,26.0
Fenara Court,https://www.propertyguru.com.sg//project/fenara-court-1929,apartment,
Hullet Court,https://www.propertyguru.com.sg//project/hullet-court-2045,apartment,80.0
Hollywood Apartments,https://www.propertyguru.com.sg//project/hollywood-apartments-2034,apartment,40.0
Hong Heng Garden,https://www.propertyguru.com.sg//project/hong-heng-garden-2035,apartment,27.0
Hock Mansions,https://www.propertyguru.com.sg//project/hock-mansions-2029,apartment,14.0
Hoa Nam Building,https://www.propertyguru.com.sg//project/hoa-nam-building-2027,apartment,36.0
Horizon View,https://www.propertyguru.com.sg//project/horizon-view-2038,apartment,36.0
Hua Court,https://www.propertyguru.com.sg//project/hua-court-2041,apartment,
Kovan Garden,https://www.propertyguru.com.sg//project/kovan-garden-2110,apartment,
Le Gambir,https://www.propertyguru.com.sg//project/le-gambir-2125,apartment,8.0
Melinia Court,https://www.propertyguru.com.sg//project/melinia-court-2191,apartment,11.0
Moda,https://www.propertyguru.com.sg//project/moda-2208,apartment,56.0
Min Yuan,https://www.propertyguru.com.sg//project/min-yuan-2203,apartment,
Minbu Villas,https://www.propertyguru.com.sg//project/minbu-villas-2204,apartment,34.0
Moro Mansion,https://www.propertyguru.com.sg//project/moro-mansion-2213,apartment,16.0
Mergui Court,https://www.propertyguru.com.sg//project/mergui-court-2196,apartment,23.0
Mergui Mansions,https://www.propertyguru.com.sg//project/mergui-mansions-2198,apartment,36.0
Monarchy Apartments,https://www.propertyguru.com.sg//project/monarchy-apartments-2209,apartment,39.0
Merlot Ville,https://www.propertyguru.com.sg//project/merlot-ville-2200,apartment,12.0
Poh Heng Court,https://www.propertyguru.com.sg//project/poh-heng-court-2308,apartment,
People's Mansion,https://www.propertyguru.com.sg//project/people-s-mansion-2296,apartment,
People's Park Centre,https://www.propertyguru.com.sg//project/people-s-park-centre-2297,apartment,120.0
Peily Court,https://www.propertyguru.com.sg//project/peily-court-2293,apartment,
Prince Apartments,https://www.propertyguru.com.sg//project/prince-apartments-2312,apartment,20.0
Petain Court,https://www.propertyguru.com.sg//project/petain-court-2298,apartment,72.0
Pin Mansions,https://www.propertyguru.com.sg//project/pin-mansions-2302,apartment,16.0
Pine Court,https://www.propertyguru.com.sg//project/pine-court-2304,apartment,9.0
Pengs Court,https://www.propertyguru.com.sg//project/pengs-court-2295,apartment,
Sandalwood,https://www.propertyguru.com.sg//project/sandalwood-2388,apartment,16.0
Sam Leong Mansion,https://www.propertyguru.com.sg//project/sam-leong-mansion-2387,apartment,18.0
Sallim Lodge,https://www.propertyguru.com.sg//project/sallim-lodge-2386,apartment,
Rose Maison,https://www.propertyguru.com.sg//project/rose-maison-2367,apartment,13.0
St Patrick's Residences,https://www.propertyguru.com.sg//project/st-patrick-s-residences-2438,apartment,102.0
St Patrick's Court,https://www.propertyguru.com.sg//project/st-patrick-s-court-2436,apartment,27.0
Sun Court,https://www.propertyguru.com.sg//project/sun-court-2444,apartment,19.0
Spring Gardens,https://www.propertyguru.com.sg//project/spring-gardens-2431,apartment,8.0
Sophia Crest,https://www.propertyguru.com.sg//project/sophia-crest-2430,apartment,16.0
Sunnyvale Apartments,https://www.propertyguru.com.sg//project/sunnyvale-apartments-2446,apartment,
Stevens Court,https://www.propertyguru.com.sg//project/stevens-court-2439,apartment,6.0
Suites @ Sophia,https://www.propertyguru.com.sg//project/suites-sophia-2440,apartment,
Thomson Plaza,https://www.propertyguru.com.sg//project/thomson-plaza-2525,apartment,
Thomson Vale,https://www.propertyguru.com.sg//project/thomson-vale-2526,apartment,10.0
Tiong Bahru Estate,https://www.propertyguru.com.sg//project/tiong-bahru-estate-2532,apartment,280.0
Toh Tuck Hill,https://www.propertyguru.com.sg//project/toh-tuck-hill-2533,apartment,26.0
Tian Court,https://www.propertyguru.com.sg//project/tian-court-2529,apartment,8.0
Tianso Heights,https://www.propertyguru.com.sg//project/tianso-heights-2530,apartment,
Torieville,https://www.propertyguru.com.sg//project/torieville-2536,apartment,28.0
Tiara Vista,https://www.propertyguru.com.sg//project/tiara-vista-2531,apartment,
Thomson Mansions,https://www.propertyguru.com.sg//project/thomson-mansions-2524,apartment,18.0
Rose Lane Court,https://www.propertyguru.com.sg//project/rose-lane-court-2585,apartment,
8 Nassim Hill,https://www.propertyguru.com.sg//project/8-nassim-hill-2588,apartment,16.0
Royalville,https://www.propertyguru.com.sg//project/royalville-2587,apartment,93.0
Melrose Ville,https://www.propertyguru.com.sg//project/melrose-ville-2600,apartment,28.0
Stillz Residence,https://www.propertyguru.com.sg//project/stillz-residence-2598,apartment,25.0
The Beverly,https://www.propertyguru.com.sg//project/the-beverly-1495,apartment,118.0
D'Pavilion,https://www.propertyguru.com.sg//project/d-pavilion-1490,apartment,50.0
Spring @ Langsat,https://www.propertyguru.com.sg//project/spring-langsat-1512,apartment,26.0
Robin Suites,https://www.propertyguru.com.sg//project/robin-suites-1607,apartment,92.0
D'Ixoras,https://www.propertyguru.com.sg//project/d-ixoras-1584,apartment,22.0
Yong Shuey Lodge,https://www.propertyguru.com.sg//project/yong-shuey-lodge-1604,apartment,
Bougainvilla Apartments,https://www.propertyguru.com.sg//project/bougainvilla-apartments-1662,apartment,28.0
Baode Apartment,https://www.propertyguru.com.sg//project/baode-apartment-1782,apartment,
Chez Bright Apartments,https://www.propertyguru.com.sg//project/chez-bright-apartments-1820,apartment,464.0
Chng Mansions,https://www.propertyguru.com.sg//project/chng-mansions-1822,apartment,
Chung Chin Flats,https://www.propertyguru.com.sg//project/chung-chin-flats-1828,apartment,25.0
Crescendo Building,https://www.propertyguru.com.sg//project/crescendo-building-1846,apartment,39.0
Coronation Arcade,https://www.propertyguru.com.sg//project/coronation-arcade-1840,apartment,10.0
Garden Apartment,https://www.propertyguru.com.sg//project/garden-apartment-1946,apartment,
Gemini Apartments,https://www.propertyguru.com.sg//project/gemini-apartments-1949,apartment,
Gisborne Light,https://www.propertyguru.com.sg//project/gisborne-light-1958,apartment,17.0
Glamour Ville,https://www.propertyguru.com.sg//project/glamour-ville-1959,apartment,13.0
Heji Gardens,https://www.propertyguru.com.sg//project/heji-gardens-2010,apartment,8.0
Hillview Apartments,https://www.propertyguru.com.sg//project/hillview-apartments-2021,apartment,40.0
High Street Centre,https://www.propertyguru.com.sg//project/high-street-centre-2013,apartment,22.0
Hertford Mansion,https://www.propertyguru.com.sg//project/hertford-mansion-2012,apartment,
Hills Apartment,https://www.propertyguru.com.sg//project/hills-apartment-2017,apartment,10.0
Highland Centre,https://www.propertyguru.com.sg//project/highland-centre-2014,apartment,19.0
Kismis Lodge,https://www.propertyguru.com.sg//project/kismis-lodge-2092,apartment,
Kim Keat House,https://www.propertyguru.com.sg//project/kim-keat-house-2093,apartment,27.0
Kim Keat Lodge,https://www.propertyguru.com.sg//project/kim-keat-lodge-2094,apartment,18.0
King's Arcade,https://www.propertyguru.com.sg//project/king-s-arcade-2096,apartment,14.0
King's Apartments,https://www.propertyguru.com.sg//project/king-s-apartments-2099,apartment,24.0
Koon Seng Court,https://www.propertyguru.com.sg//project/koon-seng-court-2107,apartment,10.0
Kovan Apartments,https://www.propertyguru.com.sg//project/kovan-apartments-2108,apartment,
Marina Bay Suites,https://www.propertyguru.com.sg//project/marina-bay-suites-2179,apartment,221.0
Mandalay Mansion,https://www.propertyguru.com.sg//project/mandalay-mansion-2168,apartment,25.0
Maybelle Lodge,https://www.propertyguru.com.sg//project/maybelle-lodge-2187,apartment,
Maryland Park,https://www.propertyguru.com.sg//project/maryland-park-2186,apartment,216.0
Mar Thoma Mansions,https://www.propertyguru.com.sg//project/mar-thoma-mansions-2174,apartment,18.0
Mansion 28,https://www.propertyguru.com.sg//project/mansion-28-2173,apartment,14.0
Marine Ville,https://www.propertyguru.com.sg//project/marine-ville-2183,apartment,20.0
Margate Point,https://www.propertyguru.com.sg//project/margate-point-2177,apartment,
Suffolk Apartment,https://www.propertyguru.com.sg//project/suffolk-apartment-2178,apartment,24.0
Marsiling Apartment,https://www.propertyguru.com.sg//project/marsiling-apartment-2185,apartment,200.0
Marshall Lodge,https://www.propertyguru.com.sg//project/marshall-lodge-2184,apartment,12.0
Newton Lodge,https://www.propertyguru.com.sg//project/newton-lodge-2244,apartment,16.0
Owen 88,https://www.propertyguru.com.sg//project/owen-88-2263,apartment,9.0
Nicole Green,https://www.propertyguru.com.sg//project/nicole-green-2248,apartment,44.0
Ocean Apartments,https://www.propertyguru.com.sg//project/ocean-apartments-2254,apartment,
The Sunflower,https://www.propertyguru.com.sg//project/the-sunflower-2336,apartment,16.0
River Valley Court,https://www.propertyguru.com.sg//project/river-valley-court-2343,apartment,18.0
Shelford Residences,https://www.propertyguru.com.sg//project/shelford-residences-2415,apartment,5.0
Siglap Center,https://www.propertyguru.com.sg//project/siglap-center-2419,apartment,26.0
Sheba Lodge,https://www.propertyguru.com.sg//project/sheba-lodge-2413,apartment,
Shelford Mansions,https://www.propertyguru.com.sg//project/shelford-mansions-2414,apartment,12.0
Sing Lian Building,https://www.propertyguru.com.sg//project/sing-lian-building-2425,apartment,8.0
Silahis Apartments,https://www.propertyguru.com.sg//project/silahis-apartments-2420,apartment,
Simon Plaza,https://www.propertyguru.com.sg//project/simon-plaza-2422,apartment,19.0
Singa Court,https://www.propertyguru.com.sg//project/singa-court-2426,apartment,
Skt Mansion,https://www.propertyguru.com.sg//project/skt-mansion-2427,apartment,13.0
Seraya Court,https://www.propertyguru.com.sg//project/seraya-court-2406,apartment,
Serenade Gardens,https://www.propertyguru.com.sg//project/serenade-gardens-2407,apartment,51.0
Seriaville Apartments,https://www.propertyguru.com.sg//project/seriaville-apartments-2410,apartment,
Serene View Mansion,https://www.propertyguru.com.sg//project/serene-view-mansion-2409,apartment,18.0
The Meyer Place,https://www.propertyguru.com.sg//project/the-meyer-place-2502,apartment,28.0
The Courtyard,https://www.propertyguru.com.sg//project/the-courtyard-2493,apartment,27.0
The Cathay Residences,https://www.propertyguru.com.sg//project/the-cathay-residences-2488,apartment,76.0
The Cherrywood,https://www.propertyguru.com.sg//project/the-cherrywood-2489,apartment,
The Compass At Chancery,https://www.propertyguru.com.sg//project/the-compass-at-chancery-2492,apartment,23.0
Adina Serviced Apartments Singapore Orchard,https://www.propertyguru.com.sg//project/adina-serviced-apartments-singapore-orchard-2578,apartment,87.0
Song Lang Green,https://www.propertyguru.com.sg//project/song-lang-green-2574,apartment,
Residency @ Mount Sophia,https://www.propertyguru.com.sg//project/residency-mount-sophia-2568,apartment,
Lodge 77,https://www.propertyguru.com.sg//project/lodge-77-2563,apartment,
Golden Mile Complex,https://www.propertyguru.com.sg//project/golden-mile-complex-2562,apartment,68.0
Devonshire Building,https://www.propertyguru.com.sg//project/devonshire-building-2584,apartment,
Devonshire Apartments,https://www.propertyguru.com.sg//project/devonshire-apartments-2582,apartment,12.0
Sheridan Court,https://www.propertyguru.com.sg//project/sheridan-court-2570,apartment,
Simei Garden,https://www.propertyguru.com.sg//project/simei-garden-2571,apartment,
Sarkies Mansion,https://www.propertyguru.com.sg//project/sarkies-mansion-2569,apartment,
Seraya Lodge,https://www.propertyguru.com.sg//project/seraya-lodge-2579,apartment,9.0
Newton Mansion,https://www.propertyguru.com.sg//project/newton-mansion-2647,apartment,40.0
Casa Aerata,https://www.propertyguru.com.sg//project/casa-aerata-2648,apartment,78.0
The Holland Collection,https://www.propertyguru.com.sg//project/the-holland-collection-2649,apartment,26.0
Tivoli Lodge,https://www.propertyguru.com.sg//project/tivoli-lodge-2645,apartment,14.0
Gilstead TWO,https://www.propertyguru.com.sg//project/gilstead-two-2650,apartment,110.0
Meier Suites,https://www.propertyguru.com.sg//project/meier-suites-1527,apartment,55.0
Ascentia Sky,https://www.propertyguru.com.sg//project/ascentia-sky-1529,apartment,373.0
Illuminaire on Devonshire,https://www.propertyguru.com.sg//project/illuminaire-on-devonshire-1488,apartment,72.0
Novena Hill,https://www.propertyguru.com.sg//project/novena-hill-1519,apartment,42.0
Wilkie Court,https://www.propertyguru.com.sg//project/wilkie-court-1622,apartment,16.0
Wilmer Park,https://www.propertyguru.com.sg//project/wilmer-park-1618,apartment,
Wolskel Lodge,https://www.propertyguru.com.sg//project/wolskel-lodge-1616,apartment,
Yi Kai Court,https://www.propertyguru.com.sg//project/yi-kai-court-1608,apartment,
Wilkie Vale,https://www.propertyguru.com.sg//project/wilkie-vale-1621,apartment,5.0
Woodsville Mansions,https://www.propertyguru.com.sg//project/woodsville-mansions-1614,apartment,
Wu De Building,https://www.propertyguru.com.sg//project/wu-de-building-1613,apartment,10.0
Three Balmoral,https://www.propertyguru.com.sg//project/three-balmoral-1646,apartment,40.0
Kovan Centre,https://www.propertyguru.com.sg//project/kovan-centre-1637,apartment,
WESTPARK APARTMENTS,https://www.propertyguru.com.sg//project/westpark-apartments-1630,apartment,
Wen Yuan Court,https://www.propertyguru.com.sg//project/wen-yuan-court-1633,apartment,3.0
United Mansion,https://www.propertyguru.com.sg//project/united-mansion-1741,apartment,48.0
Topaz Mansions,https://www.propertyguru.com.sg//project/topaz-mansions-1734,apartment,14.0
Ao Jiang Apartments,https://www.propertyguru.com.sg//project/ao-jiang-apartments-1738,apartment,
Euro-Asia Apartments,https://www.propertyguru.com.sg//project/euro-asia-apartments-1917,apartment,80.0
Euro-Asia Lodge,https://www.propertyguru.com.sg//project/euro-asia-lodge-1918,apartment,17.0
Espana,https://www.propertyguru.com.sg//project/espana-1914,apartment,
Eng Apartments,https://www.propertyguru.com.sg//project/eng-apartments-1910,apartment,6.0
Fairhaven,https://www.propertyguru.com.sg//project/fairhaven-1924,apartment,15.0
Excellence Mansions,https://www.propertyguru.com.sg//project/excellence-mansions-1923,apartment,7.0
Harbour View Gardens,https://www.propertyguru.com.sg//project/harbour-view-gardens-2004,apartment,57.0
Guilin Mansions,https://www.propertyguru.com.sg//project/guilin-mansions-1987,apartment,21.0
Guillemard Apartments,https://www.propertyguru.com.sg//project/guillemard-apartments-1988,apartment,
Guillemard View,https://www.propertyguru.com.sg//project/guillemard-view-1989,apartment,36.0
Haig Ten,https://www.propertyguru.com.sg//project/haig-ten-2000,apartment,10.0
Happy Mansion,https://www.propertyguru.com.sg//project/happy-mansion-2002,apartment,
Haig Apartments,https://www.propertyguru.com.sg//project/haig-apartments-1995,apartment,12.0
Haig Lodge,https://www.propertyguru.com.sg//project/haig-lodge-1997,apartment,9.0
Kembangan Court,https://www.propertyguru.com.sg//project/kembangan-court-2081,apartment,45.0
Neem Tree,https://www.propertyguru.com.sg//project/neem-tree-2080,apartment,84.0
Keng Yee Garden,https://www.propertyguru.com.sg//project/keng-yee-garden-2085,apartment,10.0
River Valley Apartment,https://www.propertyguru.com.sg//project/river-valley-apartment-2086,apartment,24.0
Joo Chiat Court,https://www.propertyguru.com.sg//project/joo-chiat-court-2068,apartment,
Joo Chiat Mansion,https://www.propertyguru.com.sg//project/joo-chiat-mansion-2069,apartment,24.0
Kembangan Plaza,https://www.propertyguru.com.sg//project/kembangan-plaza-2082,apartment,18.0
Keliville,https://www.propertyguru.com.sg//project/keliville-2079,apartment,16.0
Katong Mansions,https://www.propertyguru.com.sg//project/katong-mansions-2077,apartment,
Katong Apartments,https://www.propertyguru.com.sg//project/katong-apartments-2076,apartment,20.0
Kilat Centre,https://www.propertyguru.com.sg//project/kilat-centre-2089,apartment,8.0
Kilat Court,https://www.propertyguru.com.sg//project/kilat-court-2090,apartment,18.0
KJ Mansion,https://www.propertyguru.com.sg//project/kj-mansion-2073,apartment,10.0
K Lodge,https://www.propertyguru.com.sg//project/k-lodge-2074,apartment,
Long Nian Court,https://www.propertyguru.com.sg//project/long-nian-court-2149,apartment,
Madeira Court,https://www.propertyguru.com.sg//project/madeira-court-2164,apartment,
Pasir Ris Garden,https://www.propertyguru.com.sg//project/pasir-ris-garden-2283,apartment,122.0
Parkview Mansions,https://www.propertyguru.com.sg//project/parkview-mansions-2278,apartment,160.0
Parry Court,https://www.propertyguru.com.sg//project/parry-court-2280,apartment,13.0
Pebble Gardens,https://www.propertyguru.com.sg//project/pebble-gardens-2291,apartment,
Peck Hay Mansions,https://www.propertyguru.com.sg//project/peck-hay-mansions-2292,apartment,
Pastoral View,https://www.propertyguru.com.sg//project/pastoral-view-2284,apartment,50.0
Palm Tree Nines,https://www.propertyguru.com.sg//project/palm-tree-nines-2270,apartment,
Rose Garden,https://www.propertyguru.com.sg//project/rose-garden-2366,apartment,188.0
St Martin's Apartment,https://www.propertyguru.com.sg//project/st-martin-s-apartment-2360,apartment,16.0
Sapphire Court,https://www.propertyguru.com.sg//project/sapphire-court-2356,apartment,
Springwell Mansions,https://www.propertyguru.com.sg//project/springwell-mansions-2352,apartment,6.0
Tai Keng Shopping Centre,https://www.propertyguru.com.sg//project/tai-keng-shopping-centre-2456,apartment,
Visin Apartment,https://www.propertyguru.com.sg//project/visin-apartment-2464,apartment,15.0
T G Mansion,https://www.propertyguru.com.sg//project/t-g-mansion-2454,apartment,
Tai Keng Court,https://www.propertyguru.com.sg//project/tai-keng-court-2455,apartment,
Surrey Point,https://www.propertyguru.com.sg//project/surrey-point-2451,apartment,
Sylvan Lodge,https://www.propertyguru.com.sg//project/sylvan-lodge-2453,apartment,8.0
Sunshine Grove,https://www.propertyguru.com.sg//project/sunshine-grove-2448,apartment,20.0
Taipan Jade,https://www.propertyguru.com.sg//project/taipan-jade-2458,apartment,12.0
Taipan Regency,https://www.propertyguru.com.sg//project/taipan-regency-2459,apartment,18.0
The Vermont On Cairnhill,https://www.propertyguru.com.sg//project/the-vermont-on-cairnhill-2515,apartment,158.0
The Wilby Residence,https://www.propertyguru.com.sg//project/the-wilby-residence-2516,apartment,181.0
The Morning Glory,https://www.propertyguru.com.sg//project/the-morning-glory-2507,apartment,18.0
The Silverton,https://www.propertyguru.com.sg//project/the-silverton-2513,apartment,
The Vantage,https://www.propertyguru.com.sg//project/the-vantage-2514,apartment,8.0
Villa Margaux,https://www.propertyguru.com.sg//project/villa-margaux-2518,apartment,31.0
The Modules (SOHO),https://www.propertyguru.com.sg//project/the-modules-soho-2503,apartment,48.0
Holland 100,https://www.propertyguru.com.sg//project/holland-100-2517,apartment,24.0
The Navigators,https://www.propertyguru.com.sg//project/the-navigators-2508,apartment,3.0
Chen Jing Jue Mansions,https://www.propertyguru.com.sg//project/chen-jing-jue-mansions-2643,apartment,
52 Stevens,https://www.propertyguru.com.sg//project/52-stevens-2627,apartment,20.0
Suites @ Guillemard,https://www.propertyguru.com.sg//project/suites-guillemard-2628,apartment,72.0
76 Shenton,https://www.propertyguru.com.sg//project/76-shenton-2631,apartment,202.0
Unit 8,https://www.propertyguru.com.sg//project/unit-8-1534,apartment,
Monville Mansions,https://www.propertyguru.com.sg//project/monville-mansions-1546,apartment,22.0
Apartment 8,https://www.propertyguru.com.sg//project/apartment-8-1756,apartment,8.0
Athena Ville,https://www.propertyguru.com.sg//project/athena-ville-1763,apartment,13.0
Vina Lodge,https://www.propertyguru.com.sg//project/vina-lodge-1747,apartment,12.0
Aston Lodge,https://www.propertyguru.com.sg//project/aston-lodge-1761,apartment,13.0
Angel Court,https://www.propertyguru.com.sg//project/angel-court-1752,apartment,18.0
Angullia Heights,https://www.propertyguru.com.sg//project/angullia-heights-1753,apartment,
Delfi Orchard,https://www.propertyguru.com.sg//project/delfi-orchard-1865,apartment,23.0
D'Banyan,https://www.propertyguru.com.sg//project/d-banyan-1854,apartment,18.0
D'Focus,https://www.propertyguru.com.sg//project/d-focus-1856,apartment,
D'Saville,https://www.propertyguru.com.sg//project/d-saville-1859,apartment,16.0
Daisy Apartments,https://www.propertyguru.com.sg//project/daisy-apartments-1860,apartment,
D'Heritage Castle,https://www.propertyguru.com.sg//project/d-heritage-castle-1857,apartment,19.0
D-Mansions,https://www.propertyguru.com.sg//project/d-mansions-1858,apartment,
Dorset Mansions,https://www.propertyguru.com.sg//project/dorset-mansions-1873,apartment,7.0
Fern Lodge,https://www.propertyguru.com.sg//project/fern-lodge-1872,apartment,10.0
E7 Lodge,https://www.propertyguru.com.sg//project/e7-lodge-1887,apartment,
Derbyshire Mansions,https://www.propertyguru.com.sg//project/derbyshire-mansions-1869,apartment,74.0
Feng Lai Mansion,https://www.propertyguru.com.sg//project/feng-lai-mansion-1870,apartment,
Fernhill Garden,https://www.propertyguru.com.sg//project/fernhill-garden-1875,apartment,
Goodwood Gardens,https://www.propertyguru.com.sg//project/goodwood-gardens-1973,apartment,29.0
Grace Apartments,https://www.propertyguru.com.sg//project/grace-apartments-1974,apartment,
Glenfield Apartments,https://www.propertyguru.com.sg//project/glenfield-apartments-1961,apartment,
Goodwill Court,https://www.propertyguru.com.sg//project/goodwill-court-1971,apartment,
Goodwill Mansion,https://www.propertyguru.com.sg//project/goodwill-mansion-1972,apartment,12.0
Goldhill Towers,https://www.propertyguru.com.sg//project/goldhill-towers-1966,apartment,50.0
Gray Mansions,https://www.propertyguru.com.sg//project/gray-mansions-1980,apartment,
Goodview Apartments,https://www.propertyguru.com.sg//project/goodview-apartments-1970,apartment,14.0
Gold Leaf Mansions,https://www.propertyguru.com.sg//project/gold-leaf-mansions-1963,apartment,32.0
Gold Palm Mansions,https://www.propertyguru.com.sg//project/gold-palm-mansions-1964,apartment,30.0
Jade Garden,https://www.propertyguru.com.sg//project/jade-garden-2053,apartment,12.0
Jervois Grove,https://www.propertyguru.com.sg//project/jervois-grove-2063,apartment,17.0
Ji Xiang Court,https://www.propertyguru.com.sg//project/ji-xiang-court-2065,apartment,
Jalan Besar Plaza,https://www.propertyguru.com.sg//project/jalan-besar-plaza-2057,apartment,44.0
Joo Chiat Apartments,https://www.propertyguru.com.sg//project/joo-chiat-apartments-2067,apartment,
J Court,https://www.propertyguru.com.sg//project/j-court-2052,apartment,
Liang Seah Court,https://www.propertyguru.com.sg//project/liang-seah-court-2141,apartment,10.0
Lengkong Apartment,https://www.propertyguru.com.sg//project/lengkong-apartment-2134,apartment,28.0
Nassim Regency,https://www.propertyguru.com.sg//project/nassim-regency-2231,apartment,30.0
Nature Mansions,https://www.propertyguru.com.sg//project/nature-mansions-2237,apartment,30.0
New Court,https://www.propertyguru.com.sg//project/new-court-2239,apartment,20.0
Moulmein Court,https://www.propertyguru.com.sg//project/moulmein-court-2214,apartment,
Moulmein Studios,https://www.propertyguru.com.sg//project/moulmein-studios-2215,apartment,12.0
NassimVille,https://www.propertyguru.com.sg//project/nassimville-2232,apartment,21.0
Moon Mansion,https://www.propertyguru.com.sg//project/moon-mansion-2243,apartment,6.0
Rangoon View,https://www.propertyguru.com.sg//project/rangoon-view-2324,apartment,6.0
Race Course Mansion,https://www.propertyguru.com.sg//project/race-course-mansion-2318,apartment,16.0
Rambai Court,https://www.propertyguru.com.sg//project/rambai-court-2322,apartment,
Rangoon Apts,https://www.propertyguru.com.sg//project/rangoon-apts-2323,apartment,17.0
Second Avenue Junction,https://www.propertyguru.com.sg//project/second-avenue-junction-2399,apartment,8.0
Selegie Centre,https://www.propertyguru.com.sg//project/selegie-centre-2400,apartment,
Haig Grove (SCK Ville),https://www.propertyguru.com.sg//project/haig-grove-sck-ville-2394,apartment,
Sea Avenue Mansions,https://www.propertyguru.com.sg//project/sea-avenue-mansions-2395,apartment,20.0
The Beccagayle,https://www.propertyguru.com.sg//project/the-beccagayle-2483,apartment,12.0
Telok Kurau Lodge,https://www.propertyguru.com.sg//project/telok-kurau-lodge-2472,apartment,18.0
Tanglin Hill Meadows,https://www.propertyguru.com.sg//project/tanglin-hill-meadows-2468,apartment,20.0
The Biltmore,https://www.propertyguru.com.sg//project/the-biltmore-2485,apartment,109.0
Tembeling Centre,https://www.propertyguru.com.sg//project/tembeling-centre-2477,apartment,
Tan Quee Lan Suites,https://www.propertyguru.com.sg//project/tan-quee-lan-suites-2466,apartment,30.0
Telok Mansion,https://www.propertyguru.com.sg//project/telok-mansion-2475,apartment,
Telok Ville,https://www.propertyguru.com.sg//project/telok-ville-2476,apartment,
Telok Kurau Mansion,https://www.propertyguru.com.sg//project/telok-kurau-mansion-2473,apartment,
Villas @ Kew,https://www.propertyguru.com.sg//project/villas-kew-2543,apartment,72.0
Valley Mansions,https://www.propertyguru.com.sg//project/valley-mansions-2544,apartment,50.0
Verdun House,https://www.propertyguru.com.sg//project/verdun-house-2547,apartment,
Treasure Gardens,https://www.propertyguru.com.sg//project/treasure-gardens-2537,apartment,22.0
Treasure Mansions,https://www.propertyguru.com.sg//project/treasure-mansions-2538,apartment,12.0
Emerald Court,https://www.propertyguru.com.sg//project/emerald-court-2561,apartment,
UNI Building,https://www.propertyguru.com.sg//project/uni-building-2541,apartment,12.0
Wai Wing Centre,https://www.propertyguru.com.sg//project/wai-wing-centre-2551,apartment,9.0
Charlton Lodge,https://www.propertyguru.com.sg//project/charlton-lodge-2556,apartment,
WaterScape @ Cavenagh,https://www.propertyguru.com.sg//project/waterscape-cavenagh-2604,apartment,200.0
Urban Resort Condominium,https://www.propertyguru.com.sg//project/urban-resort-condominium-2605,apartment,64.0
Seascape @ Sentosa Cove,https://www.propertyguru.com.sg//project/seascape-sentosa-cove-2606,apartment,151.0
City Loft,https://www.propertyguru.com.sg//project/city-loft-2607,apartment,40.0
The Lenox,https://www.propertyguru.com.sg//project/the-lenox-2611,apartment,74.0
Wembly Residences,https://www.propertyguru.com.sg//project/wembly-residences-2613,apartment,33.0
River Valley View,https://www.propertyguru.com.sg//project/river-valley-view-2615,apartment,
City Studios,https://www.propertyguru.com.sg//project/city-studios-2608,apartment,28.0
Prestige Heights,https://www.propertyguru.com.sg//project/prestige-heights-2609,apartment,154.0
The Oliv @ Balmoral,https://www.propertyguru.com.sg//project/the-oliv-balmoral-2617,apartment,23.0
16 @ Amber,https://www.propertyguru.com.sg//project/16-amber-2624,apartment,40.0
Prestige Loft,https://www.propertyguru.com.sg//project/prestige-loft-2610,apartment,19.0
107 Spottiswoode Park Road,https://www.propertyguru.com.sg//project/107-spottiswoode-park-road-10446,apartment,92.0
105 Spottiswoode Park Road,https://www.propertyguru.com.sg//project/105-spottiswoode-park-road-10444,apartment,92.0
102 Spottiswoode Park Road,https://www.propertyguru.com.sg//project/102-spottiswoode-park-road-10441,apartment,76.0
Pearl's Hill Terrace,https://www.propertyguru.com.sg//project/pearl-s-hill-terrace-19978,apartment,336.0
Viva Vista,https://www.propertyguru.com.sg//project/viva-vista-20501,apartment,144.0
Sophia Lodge,https://www.propertyguru.com.sg//project/sophia-lodge-20505,apartment,15.0
Yong Siak View,https://www.propertyguru.com.sg//project/yong-siak-view-20518,apartment,
381 Pasir Panjang Road,https://www.propertyguru.com.sg//project/381-pasir-panjang-road-20525,apartment,12.0
Space @ Kovan,https://www.propertyguru.com.sg//project/space-kovan-20577,apartment,140.0
Centra Suites,https://www.propertyguru.com.sg//project/centra-suites-20600,apartment,62.0
One Rosyth,https://www.propertyguru.com.sg//project/one-rosyth-20603,apartment,17.0
SkySuites 17,https://www.propertyguru.com.sg//project/skysuites-17-20627,apartment,115.0
Ceylon Residence,https://www.propertyguru.com.sg//project/ceylon-residence-20629,apartment,22.0
Cubik,https://www.propertyguru.com.sg//project/cubik-20634,apartment,24.0
Centra Studios,https://www.propertyguru.com.sg//project/centra-studios-20628,apartment,51.0
Fidvi Court,https://www.propertyguru.com.sg//project/fidvi-court-20638,apartment,
NottingHill Suites,https://www.propertyguru.com.sg//project/nottinghill-suites-20677,apartment,124.0
Seran Court,https://www.propertyguru.com.sg//project/seran-court-20681,apartment,4.0
Cavan Suites,https://www.propertyguru.com.sg//project/cavan-suites-20685,apartment,36.0
Ivory Apartments,https://www.propertyguru.com.sg//project/ivory-apartments-20686,apartment,8.0
Owen Court,https://www.propertyguru.com.sg//project/owen-court-20687,apartment,
Eunos Garden,https://www.propertyguru.com.sg//project/eunos-garden-20889,apartment,
Novena Gardens,https://www.propertyguru.com.sg//project/novena-gardens-20988,apartment,12.0
Minton Court,https://www.propertyguru.com.sg//project/minton-court-20978,apartment,
Oakswood Heights,https://www.propertyguru.com.sg//project/oakswood-heights-20990,apartment,84.0
Toho Green,https://www.propertyguru.com.sg//project/toho-green-21086,apartment,
Top Ten,https://www.propertyguru.com.sg//project/top-ten-21087,apartment,11.0
Watten Rise Apartments,https://www.propertyguru.com.sg//project/watten-rise-apartments-21095,apartment,59.0
Wei Min Garden,https://www.propertyguru.com.sg//project/wei-min-garden-21096,apartment,
Wang Lodge,https://www.propertyguru.com.sg//project/wang-lodge-21093,apartment,
Waterloo View,https://www.propertyguru.com.sg//project/waterloo-view-21094,apartment,
Naung Residence,https://www.propertyguru.com.sg//project/naung-residence-21203,apartment,60.0
Meridian 38,https://www.propertyguru.com.sg//project/meridian-38-21473,apartment,19.0
Tembeling Lodge,https://www.propertyguru.com.sg//project/tembeling-lodge-21649,apartment,
Cassia Edge,https://www.propertyguru.com.sg//project/cassia-edge-21650,apartment,27.0
Edward Lee Apartments,https://www.propertyguru.com.sg//project/edward-lee-apartments-21651,apartment,
The Quinn,https://www.propertyguru.com.sg//project/the-quinn-21669,apartment,139.0
Three 11,https://www.propertyguru.com.sg//project/three-11-21667,apartment,65.0
Guillemard Suites,https://www.propertyguru.com.sg//project/guillemard-suites-21808,apartment,146.0
Berkeley Residences,https://www.propertyguru.com.sg//project/berkeley-residences-21810,apartment,22.0
City Gate,https://www.propertyguru.com.sg//project/city-gate-21937,apartment,311.0
Watercove,https://www.propertyguru.com.sg//project/watercove-22172,apartment,80.0
Rezi 24,https://www.propertyguru.com.sg//project/rezi-24-22164,apartment,110.0
Jool Suites,https://www.propertyguru.com.sg//project/jool-suites-20740,apartment,52.0
Suites@Braddell,https://www.propertyguru.com.sg//project/suites-braddell-20735,apartment,33.0
21 Richards,https://www.propertyguru.com.sg//project/21-richards-20824,apartment,31.0
10 Shelford,https://www.propertyguru.com.sg//project/10-shelford-20822,apartment,69.0
Suites @ Newton,https://www.propertyguru.com.sg//project/suites-newton-20814,apartment,67.0
Green Court,https://www.propertyguru.com.sg//project/green-court-20921,apartment,6.0
Holland Court,https://www.propertyguru.com.sg//project/holland-court-20934,apartment,22.0
Guillemard Court,https://www.propertyguru.com.sg//project/guillemard-court-20926,apartment,32.0
Greenlane Apartments,https://www.propertyguru.com.sg//project/greenlane-apartments-20924,apartment,9.0
Shan Gate Apartments,https://www.propertyguru.com.sg//project/shan-gate-apartments-21034,apartment,27.0
Silahis Ville,https://www.propertyguru.com.sg//project/silahis-ville-21042,apartment,
Sycamore Tree,https://www.propertyguru.com.sg//project/sycamore-tree-21161,apartment,96.0
Shiro,https://www.propertyguru.com.sg//project/shiro-21228,apartment,16.0
Chinatown Plaza,https://www.propertyguru.com.sg//project/chinatown-plaza-21592,apartment,
Jade Residences,https://www.propertyguru.com.sg//project/jade-residences-21583,apartment,171.0
Oxley Edge,https://www.propertyguru.com.sg//project/oxley-edge-21586,apartment,45.0
Point Loma,https://www.propertyguru.com.sg//project/point-loma-21761,apartment,12.0
The Venue Residences and Shoppes,https://www.propertyguru.com.sg//project/the-venue-residences-and-shoppes-21762,apartment,266.0
The Centren,https://www.propertyguru.com.sg//project/the-centren-21760,apartment,34.0
Nine Residences,https://www.propertyguru.com.sg//project/nine-residences-21750,apartment,186.0
RiverTrees Residences,https://www.propertyguru.com.sg//project/rivertrees-residences-21852,apartment,495.0
The Serenno,https://www.propertyguru.com.sg//project/the-serenno-21863,apartment,33.0
First Point Suites,https://www.propertyguru.com.sg//project/first-point-suites-21895,apartment,12.0
Waterfront @ Faber,https://www.propertyguru.com.sg//project/waterfront-faber-21901,apartment,210.0
7 on Chapel,https://www.propertyguru.com.sg//project/7-on-chapel-21902,apartment,23.0
The Rise @ Oxley - Residences,https://www.propertyguru.com.sg//project/the-rise-oxley-residences-21903,apartment,120.0
Flora View,https://www.propertyguru.com.sg//project/flora-view-22154,apartment,90.0
Heritage East,https://www.propertyguru.com.sg//project/heritage-east-20670,apartment,56.0
The Cotz,https://www.propertyguru.com.sg//project/the-cotz-20663,apartment,48.0
Hijauan,https://www.propertyguru.com.sg//project/hijauan-20761,apartment,41.0
The Scenic @ Braddell,https://www.propertyguru.com.sg//project/the-scenic-braddell-20774,apartment,18.0
Sixth Avenue Centre,https://www.propertyguru.com.sg//project/sixth-avenue-centre-20759,apartment,18.0
Eng Aun Mansion,https://www.propertyguru.com.sg//project/eng-aun-mansion-20760,apartment,30.0
Marine Meadows,https://www.propertyguru.com.sg//project/marine-meadows-20968,apartment,25.0
Martia Court,https://www.propertyguru.com.sg//project/martia-court-20969,apartment,58.0
Lowland Court,https://www.propertyguru.com.sg//project/lowland-court-20962,apartment,
Straits Residences,https://www.propertyguru.com.sg//project/straits-residences-20963,apartment,30.0
Lengkong Court,https://www.propertyguru.com.sg//project/lengkong-court-20957,apartment,
Long Hua Yuan,https://www.propertyguru.com.sg//project/long-hua-yuan-20960,apartment,
Le Marican,https://www.propertyguru.com.sg//project/le-marican-20956,apartment,12.0
Suites@Changi,https://www.propertyguru.com.sg//project/suites-changi-21058,apartment,44.0
Sunny Parc,https://www.propertyguru.com.sg//project/sunny-parc-21064,apartment,11.0
Sophia Villa,https://www.propertyguru.com.sg//project/sophia-villa-21048,apartment,
Suites 28,https://www.propertyguru.com.sg//project/suites-28-21056,apartment,64.0
Sunbird View,https://www.propertyguru.com.sg//project/sunbird-view-21062,apartment,
Capella The Club Residences Singapore,https://www.propertyguru.com.sg//project/capella-the-club-residences-singapore-21153,apartment,81.0
123 Langsat Road,https://www.propertyguru.com.sg//project/123-langsat-road-21309,apartment,
Sunny Lodge,https://www.propertyguru.com.sg//project/sunny-lodge-21433,apartment,21.0
#1 Loft,https://www.propertyguru.com.sg//project/1-loft-21478,apartment,80.0
Leville iSuites,https://www.propertyguru.com.sg//project/leville-isuites-21483,apartment,42.0
Riverside Melodies,https://www.propertyguru.com.sg//project/riverside-melodies-21487,apartment,41.0
Soho Life,https://www.propertyguru.com.sg//project/soho-life-21476,apartment,
WhiteHaven,https://www.propertyguru.com.sg//project/whitehaven-21612,apartment,120.0
Cosmo Loft,https://www.propertyguru.com.sg//project/cosmo-loft-21615,apartment,56.0
Fernhill Residences,https://www.propertyguru.com.sg//project/fernhill-residences-21697,apartment,24.0
Gallop Court,https://www.propertyguru.com.sg//project/gallop-court-21688,apartment,
Floraville,https://www.propertyguru.com.sg//project/floraville-21733,apartment,50.0
Onze @ Tanjong Pagar,https://www.propertyguru.com.sg//project/onze-tanjong-pagar-21737,apartment,56.0
Ria Apartments,https://www.propertyguru.com.sg//project/ria-apartments-21742,apartment,10.0
Ascent @ 456,https://www.propertyguru.com.sg//project/ascent-456-21872,apartment,28.0
VIIO @ Balestier,https://www.propertyguru.com.sg//project/viio-balestier-21956,apartment,78.0
Kuie Pong Loft,https://www.propertyguru.com.sg//project/kuie-pong-loft-22192,apartment,16.0
Lotus @ Joo Chiat,https://www.propertyguru.com.sg//project/lotus-joo-chiat-20660,apartment,49.0
Le Arc,https://www.propertyguru.com.sg//project/le-arc-20706,apartment,12.0
Parc Somme,https://www.propertyguru.com.sg//project/parc-somme-20707,apartment,30.0
Beta Grove,https://www.propertyguru.com.sg//project/beta-grove-20694,apartment,10.0
Nathan Court,https://www.propertyguru.com.sg//project/nathan-court-20695,apartment,
Paterson Mansion,https://www.propertyguru.com.sg//project/paterson-mansion-20692,apartment,
Choon Kim House,https://www.propertyguru.com.sg//project/choon-kim-house-20786,apartment,10.0
Calin Mansions,https://www.propertyguru.com.sg//project/calin-mansions-20787,apartment,
Choon Moey Mansions,https://www.propertyguru.com.sg//project/choon-moey-mansions-20788,apartment,10.0
Comfort Mansions,https://www.propertyguru.com.sg//project/comfort-mansions-20864,apartment,
Dublin Lodge,https://www.propertyguru.com.sg//project/dublin-lodge-20879,apartment,
Duchess Park,https://www.propertyguru.com.sg//project/duchess-park-20880,apartment,17.0
Peony Mansion,https://www.propertyguru.com.sg//project/peony-mansion-21009,apartment,
Palmera East,https://www.propertyguru.com.sg//project/palmera-east-21000,apartment,
Onan Court,https://www.propertyguru.com.sg//project/onan-court-20993,apartment,7.0
Paddy Green,https://www.propertyguru.com.sg//project/paddy-green-20997,apartment,
The Sanctuary @ Geylang,https://www.propertyguru.com.sg//project/the-sanctuary-geylang-21124,apartment,21.0
78 Moh Guan Terrace,https://www.propertyguru.com.sg//project/78-moh-guan-terrace-21133,apartment,
The MKZ,https://www.propertyguru.com.sg//project/the-mkz-21289,apartment,42.0
71B Sennett Estate,https://www.propertyguru.com.sg//project/71b-sennett-estate-21284,apartment,
Treasure on Balmoral,https://www.propertyguru.com.sg//project/treasure-on-balmoral-21365,apartment,48.0
Daisy Suites,https://www.propertyguru.com.sg//project/daisy-suites-21358,apartment,25.0
Cambio Suites,https://www.propertyguru.com.sg//project/cambio-suites-21638,apartment,53.0
One Eighties Residences,https://www.propertyguru.com.sg//project/one-eighties-residences-21633,apartment,52.0
The Red House,https://www.propertyguru.com.sg//project/the-red-house-21634,apartment,42.0
LIV on Sophia,https://www.propertyguru.com.sg//project/liv-on-sophia-21636,apartment,64.0
The Amerald Studio,https://www.propertyguru.com.sg//project/the-amerald-studio-21632,apartment,10.0
The Bently Residences@Kovan,https://www.propertyguru.com.sg//project/the-bently-residences-kovan-21724,apartment,48.0
8 Farrer Suites,https://www.propertyguru.com.sg//project/8-farrer-suites-21723,apartment,34.0
Opal East,https://www.propertyguru.com.sg//project/opal-east-21792,apartment,8.0
Alex Residences,https://www.propertyguru.com.sg//project/alex-residences-21791,apartment,429.0
Treasures @ G6,https://www.propertyguru.com.sg//project/treasures-g6-21790,apartment,39.0
Ritz @ Farrer,https://www.propertyguru.com.sg//project/ritz-farrer-21784,apartment,18.0
Liv on Wilkie,https://www.propertyguru.com.sg//project/liv-on-wilkie-21788,apartment,81.0
Devonshire 12,https://www.propertyguru.com.sg//project/devonshire-12-21782,apartment,20.0
Singa Hills,https://www.propertyguru.com.sg//project/singa-hills-21980,apartment,58.0
Oxley Thanksgiving Residence,https://www.propertyguru.com.sg//project/oxley-thanksgiving-residence-22089,apartment,
Silverscape,https://www.propertyguru.com.sg//project/silverscape-22094,apartment,45.0
Victory 8,https://www.propertyguru.com.sg//project/victory-8-22085,apartment,
Vibes @ East Coast,https://www.propertyguru.com.sg//project/vibes-east-coast-20664,apartment,117.0
Hertford Collection,https://www.propertyguru.com.sg//project/hertford-collection-20730,apartment,25.0
Sanctuary @813,https://www.propertyguru.com.sg//project/sanctuary-813-20716,apartment,23.0
Palazzo Court,https://www.propertyguru.com.sg//project/palazzo-court-20723,apartment,
283 Studio,https://www.propertyguru.com.sg//project/283-studio-20825,apartment,7.0
Bendigo Gardens,https://www.propertyguru.com.sg//project/bendigo-gardens-20834,apartment,5.0
Boon Teck Lodge,https://www.propertyguru.com.sg//project/boon-teck-lodge-20836,apartment,14.0
First Mansion,https://www.propertyguru.com.sg//project/first-mansion-20900,apartment,
Geylang Mansion,https://www.propertyguru.com.sg//project/geylang-mansion-20911,apartment,14.0
Prosper Gardens,https://www.propertyguru.com.sg//project/prosper-gardens-21013,apartment,
Platina Gardens,https://www.propertyguru.com.sg//project/platina-gardens-21011,apartment,2.0
Pleasant Hill Lodge,https://www.propertyguru.com.sg//project/pleasant-hill-lodge-21012,apartment,
Raffles Park,https://www.propertyguru.com.sg//project/raffles-park-21015,apartment,
Sai Ho Building,https://www.propertyguru.com.sg//project/sai-ho-building-21023,apartment,8.0
Le Regal,https://www.propertyguru.com.sg//project/le-regal-21113,apartment,88.0
Woodleigh Grove,https://www.propertyguru.com.sg//project/woodleigh-grove-21104,apartment,
Yuen Sing Mansion,https://www.propertyguru.com.sg//project/yuen-sing-mansion-21106,apartment,
Wilkie Mansion,https://www.propertyguru.com.sg//project/wilkie-mansion-21101,apartment,
Winfield Mansion,https://www.propertyguru.com.sg//project/winfield-mansion-21102,apartment,
Woo Mon Chew Court,https://www.propertyguru.com.sg//project/woo-mon-chew-court-21103,apartment,
Serenity Breeze,https://www.propertyguru.com.sg//project/serenity-breeze-21381,apartment,12.0
Edenz Suites,https://www.propertyguru.com.sg//project/edenz-suites-21378,apartment,34.0
Rich Residence,https://www.propertyguru.com.sg//project/rich-residence-21377,apartment,12.0
Zion Mansion,https://www.propertyguru.com.sg//project/zion-mansion-21373,apartment,
Edenz Loft,https://www.propertyguru.com.sg//project/edenz-loft-21442,apartment,42.0
SeaSuites,https://www.propertyguru.com.sg//project/seasuites-21453,apartment,52.0
Garden Park Residences,https://www.propertyguru.com.sg//project/garden-park-residences-21597,apartment,36.0
Mayfair Residences,https://www.propertyguru.com.sg//project/mayfair-residences-21596,apartment,20.0
The Octet,https://www.propertyguru.com.sg//project/the-octet-21599,apartment,56.0
Adam Green,https://www.propertyguru.com.sg//project/adam-green-21608,apartment,16.0
NEWest,https://www.propertyguru.com.sg//project/newest-21602,apartment,136.0
Kensington Square,https://www.propertyguru.com.sg//project/kensington-square-21710,apartment,141.0
28 RC Suites,https://www.propertyguru.com.sg//project/28-rc-suites-21716,apartment,45.0
The Siena,https://www.propertyguru.com.sg//project/the-siena-21828,apartment,54.0
Goodwood Grand,https://www.propertyguru.com.sg//project/goodwood-grand-21833,apartment,73.0
Hana,https://www.propertyguru.com.sg//project/hana-21909,apartment,26.0
One Duchess,https://www.propertyguru.com.sg//project/one-duchess-22099,apartment,13.0
M5 @ Jalan Mutiara,https://www.propertyguru.com.sg//project/m5-jalan-mutiara-22107,apartment,33.0
295 Lorong Chuan,https://www.propertyguru.com.sg//project/295-lorong-chuan-22097,apartment,
Bliss@Kovan,https://www.propertyguru.com.sg//project/bliss-kovan-20756,apartment,140.0
Newton Imperial,https://www.propertyguru.com.sg//project/newton-imperial-20758,apartment,36.0
Sophia Flats,https://www.propertyguru.com.sg//project/sophia-flats-20746,apartment,19.0
Presidio,https://www.propertyguru.com.sg//project/presidio-20747,apartment,8.0
Moonstone Royale,https://www.propertyguru.com.sg//project/moonstone-royale-20749,apartment,16.0
Centrina,https://www.propertyguru.com.sg//project/centrina-20846,apartment,8.0
Chateau De Hollande,https://www.propertyguru.com.sg//project/chateau-de-hollande-20851,apartment,14.0
Ceylon Point,https://www.propertyguru.com.sg//project/ceylon-point-20847,apartment,15.0
Carmi Mansion,https://www.propertyguru.com.sg//project/carmi-mansion-20842,apartment,7.0
Kingsley Mansions,https://www.propertyguru.com.sg//project/kingsley-mansions-20953,apartment,
iSuites @ Tani,https://www.propertyguru.com.sg//project/isuites-tani-20940,apartment,20.0
Hua Yu Mansion,https://www.propertyguru.com.sg//project/hua-yu-mansion-20938,apartment,8.0
iSuites @ Marshall,https://www.propertyguru.com.sg//project/isuites-marshall-20939,apartment,32.0
The Cape,https://www.propertyguru.com.sg//project/the-cape-21078,apartment,76.0
Tai Peng Gardens,https://www.propertyguru.com.sg//project/tai-peng-gardens-21069,apartment,
Tai Wah Building,https://www.propertyguru.com.sg//project/tai-wah-building-21070,apartment,
Tembeling Mansions,https://www.propertyguru.com.sg//project/tembeling-mansions-21072,apartment,
Tembeling Terraces,https://www.propertyguru.com.sg//project/tembeling-terraces-21073,apartment,
Vibes @ Upper Serangoon,https://www.propertyguru.com.sg//project/vibes-upper-serangoon-21245,apartment,60.0
Novena Regency,https://www.propertyguru.com.sg//project/novena-regency-21495,apartment,55.0
Hillion Residences,https://www.propertyguru.com.sg//project/hillion-residences-21502,apartment,546.0
R Maisons (The Maisons),https://www.propertyguru.com.sg//project/r-maisons-the-maisons-21492,apartment,45.0
E Maisons (The Maisons),https://www.propertyguru.com.sg//project/e-maisons-the-maisons-21493,apartment,130.0
Treescape,https://www.propertyguru.com.sg//project/treescape-21500,apartment,30.0
Bishopsgate Residences,https://www.propertyguru.com.sg//project/bishopsgate-residences-21491,apartment,31.0
Marine Mansion,https://www.propertyguru.com.sg//project/marine-mansion-21683,apartment,48.0
Icon @ Pasir Panjang,https://www.propertyguru.com.sg//project/icon-pasir-panjang-21685,apartment,18.0
Starfire @ Sophia,https://www.propertyguru.com.sg//project/starfire-sophia-21671,apartment,
Residences 88,https://www.propertyguru.com.sg//project/residences-88-21676,apartment,28.0
DUO Residences,https://www.propertyguru.com.sg//project/duo-residences-21779,apartment,660.0
One Akyab,https://www.propertyguru.com.sg//project/one-akyab-21767,apartment,19.0
Rezi 3Two,https://www.propertyguru.com.sg//project/rezi-3two-21818,apartment,65.0
The Bliss,https://www.propertyguru.com.sg//project/the-bliss-21819,apartment,7.0
Hills TwoOne,https://www.propertyguru.com.sg//project/hills-twoone-21869,apartment,71.0
Prestige Point,https://www.propertyguru.com.sg//project/prestige-point-21848,apartment,15.0
The Citron Residences,https://www.propertyguru.com.sg//project/the-citron-residences-21964,apartment,54.0
Tembelina,https://www.propertyguru.com.sg//project/tembelina-22035,apartment,1.0
SUNSTONE RESIDENCES,https://www.propertyguru.com.sg//project/sunstone-residences-22250,apartment,12.0
Seaside Residences,https://www.propertyguru.com.sg//project/seaside-residences-22939,apartment,841.0
Martin Modern,https://www.propertyguru.com.sg//project/martin-modern-23122,apartment,450.0
Sandy Eight,https://www.propertyguru.com.sg//project/sandy-eight-23206,apartment,20.0
Avant Residences,https://www.propertyguru.com.sg//project/avant-residences-23399,apartment,50.0
Daintree Residence,https://www.propertyguru.com.sg//project/daintree-residence-23469,apartment,327.0
Liiv Residences,https://www.propertyguru.com.sg//project/liiv-residences-23493,apartment,23.0
11 Lorong 4 Geylang,https://www.propertyguru.com.sg//project/11-lorong-4-geylang-24752,apartment,
221 Joo Chiat Place,https://www.propertyguru.com.sg//project/221-joo-chiat-place-24758,apartment,
Clermont Residence,https://www.propertyguru.com.sg//project/clermont-residence-24756,apartment,181.0
Fraser Residence Orchard Singapore,https://www.propertyguru.com.sg//project/fraser-residence-orchard-singapore-24749,apartment,
Fraser Suites Singapore,https://www.propertyguru.com.sg//project/fraser-suites-singapore-24750,apartment,
Shelford Vale,https://www.propertyguru.com.sg//project/shelford-vale-25172,apartment,10.0
Dusun Grove,https://www.propertyguru.com.sg//project/dusun-grove-25171,apartment,12.0
Charles Ville,https://www.propertyguru.com.sg//project/charles-ville-25173,apartment,10.0
Woodlands Pasture II,https://www.propertyguru.com.sg//project/woodlands-pasture-ii-25169,apartment,1018.0
Joy Court,https://www.propertyguru.com.sg//project/joy-court-25170,apartment,
Emerald Hill,https://www.propertyguru.com.sg//project/emerald-hill-25177,apartment,40.0
Anchor Gardens,https://www.propertyguru.com.sg//project/anchor-gardens-25179,apartment,28.0
Rose Mansions,https://www.propertyguru.com.sg//project/rose-mansions-25184,apartment,14.0
Novena Ville,https://www.propertyguru.com.sg//project/novena-ville-25180,apartment,33.0
Landmark Tower,https://www.propertyguru.com.sg//project/landmark-tower-25191,apartment,139.0
Kings Court Mansions,https://www.propertyguru.com.sg//project/kings-court-mansions-25189,apartment,14.0
Grand Tower,https://www.propertyguru.com.sg//project/grand-tower-25188,apartment,28.0
CP Residences @ Mohamed Sultan Road,https://www.propertyguru.com.sg//project/cp-residences-mohamed-sultan-road-25291,apartment,14.0
K Suites,https://www.propertyguru.com.sg//project/k-suites-25403,apartment,19.0
2 RVG,https://www.propertyguru.com.sg//project/2-rvg-15,apartment,60.0
One-North Residences,https://www.propertyguru.com.sg//project/one-north-residences-483,apartment,405.0
1 Moulmein Rise,https://www.propertyguru.com.sg//project/1-moulmein-rise-13,apartment,50.0
Alessandrea,https://www.propertyguru.com.sg//project/alessandrea-30,apartment,105.0
11 Amber Road,https://www.propertyguru.com.sg//project/11-amber-road-14,apartment,40.0
Hilbre28,https://www.propertyguru.com.sg//project/hilbre28-22117,apartment,28.0
Serene House,https://www.propertyguru.com.sg//project/serene-house-25157,apartment,24.0
St. Thomas View,https://www.propertyguru.com.sg//project/st-thomas-view-25168,apartment,14.0
Ying Mansions,https://www.propertyguru.com.sg//project/ying-mansions-25228,apartment,8.0
Summer Apartments,https://www.propertyguru.com.sg//project/summer-apartments-25226,apartment,
Bluwaters,https://www.propertyguru.com.sg//project/bluwaters-822,apartment,45.0
Valley Lodge,https://www.propertyguru.com.sg//project/valley-lodge-23801,apartment,
The Edelweiss Residences,https://www.propertyguru.com.sg//project/the-edelweiss-residences-24596,apartment,33.0
MetroResidences,https://www.propertyguru.com.sg//project/metroresidences-23802,apartment,8.0
Hillview Garden Estate,https://www.propertyguru.com.sg//project/hillview-garden-estate-23767,apartment,4.0
The Callista,https://www.propertyguru.com.sg//project/the-callista-314,apartment,87.0
Kim Court,https://www.propertyguru.com.sg//project/kim-court-22453,apartment,
Stirling Residences,https://www.propertyguru.com.sg//project/stirling-residences-23462,apartment,1259.0
Winsome Apartments,https://www.propertyguru.com.sg//project/winsome-apartments-23467,apartment,6.0
Penang Service Apartment,https://www.propertyguru.com.sg//project/penang-service-apartment-23461,apartment,20.0
1953,https://www.propertyguru.com.sg//project/1953-23616,apartment,58.0
The Domain,https://www.propertyguru.com.sg//project/the-domain-23634,apartment,12.0
La Mariposa,https://www.propertyguru.com.sg//project/la-mariposa-23831,apartment,17.0
Carlisle Court,https://www.propertyguru.com.sg//project/carlisle-court-23827,apartment,6.0
One North Bridge,https://www.propertyguru.com.sg//project/one-north-bridge-24522,apartment,22.0
Canberra (parcel A),https://www.propertyguru.com.sg//project/canberra-parcel-a-24644,apartment,235.0
Lincoln Lodge,https://www.propertyguru.com.sg//project/lincoln-lodge-24705,apartment,98.0
Aroozoo Centre,https://www.propertyguru.com.sg//project/aroozoo-centre-24700,apartment,
East Court,https://www.propertyguru.com.sg//project/east-court-24930,apartment,8.0
Haig Mansions,https://www.propertyguru.com.sg//project/haig-mansions-24886,apartment,
East Shore Court,https://www.propertyguru.com.sg//project/east-shore-court-24914,apartment,12.0
Royal Court,https://www.propertyguru.com.sg//project/royal-court-25213,apartment,31.0
Changi Complex (Enbloc),https://www.propertyguru.com.sg//project/changi-complex-enbloc-25211,apartment,
St. Michael's Villa,https://www.propertyguru.com.sg//project/st-michael-s-villa-25223,apartment,
11 Joo Chiat Place,https://www.propertyguru.com.sg//project/11-joo-chiat-place-25224,apartment,
The Woodleigh Residences,https://www.propertyguru.com.sg//project/the-woodleigh-residences-23532,apartment,667.0
UE Square,https://www.propertyguru.com.sg//project/ue-square-265,apartment,345.0
St. Regis Residences Singapore,https://www.propertyguru.com.sg//project/st-regis-residences-singapore-100,apartment,173.0
JJ's Residences @ Jervois,https://www.propertyguru.com.sg//project/jj-s-residences-jervois-22518,apartment,
The Diamond,https://www.propertyguru.com.sg//project/the-diamond-22781,apartment,15.0
Dunearn Regency,https://www.propertyguru.com.sg//project/dunearn-regency-23533,apartment,8.0
Angsana @21,https://www.propertyguru.com.sg//project/angsana-21-23537,apartment,30.0
The Old House,https://www.propertyguru.com.sg//project/the-old-house-24607,apartment,6.0
Treetops Executive Residences,https://www.propertyguru.com.sg//project/treetops-executive-residences-24746,apartment,220.0
Jalan Kemaman,https://www.propertyguru.com.sg//project/jalan-kemaman-24743,apartment,
The Brooks I & The Brooks II,https://www.propertyguru.com.sg//project/the-brooks-i-the-brooks-ii-22797,apartment,61.0
Margaret Ville,https://www.propertyguru.com.sg//project/margaret-ville-23381,apartment,309.0
70@Truro,https://www.propertyguru.com.sg//project/70-truro-23377,apartment,24.0
The Central,https://www.propertyguru.com.sg//project/the-central-23526,apartment,347.0
Citadines Rochor Singapore,https://www.propertyguru.com.sg//project/citadines-rochor-singapore-24729,apartment,320.0
Gek Lim Mansions,https://www.propertyguru.com.sg//project/gek-lim-mansions-24720,apartment,5.0
Bartley Grove,https://www.propertyguru.com.sg//project/bartley-grove-24714,apartment,26.0
Pelikat Court,https://www.propertyguru.com.sg//project/pelikat-court-25055,apartment,
Palace Mansion,https://www.propertyguru.com.sg//project/palace-mansion-25036,apartment,
Telok Kurau View,https://www.propertyguru.com.sg//project/telok-kurau-view-25136,apartment,11.0
Spring Mansion,https://www.propertyguru.com.sg//project/spring-mansion-25044,apartment,6.0
St. Patricks Garden,https://www.propertyguru.com.sg//project/st-patricks-garden-25051,apartment,186.0
Phoenix Court,https://www.propertyguru.com.sg//project/phoenix-court-25066,apartment,
Parkway Lodge,https://www.propertyguru.com.sg//project/parkway-lodge-25243,apartment,
1019 Upper Serangoon Road,https://www.propertyguru.com.sg//project/1019-upper-serangoon-road-25258,apartment,
Aston Mansions,https://www.propertyguru.com.sg//project/aston-mansions-53,apartment,159.0
Icon,https://www.propertyguru.com.sg//project/icon-75,apartment,646.0
Odeon Katong Shopping Complex,https://www.propertyguru.com.sg//project/odeon-katong-shopping-complex-25023,apartment,30.0
Richards Mansion,https://www.propertyguru.com.sg//project/richards-mansion-24981,apartment,
Mellow Mansion,https://www.propertyguru.com.sg//project/mellow-mansion-24988,apartment,
Meng Garden,https://www.propertyguru.com.sg//project/meng-garden-24996,apartment,
Ruby Plaza,https://www.propertyguru.com.sg//project/ruby-plaza-24999,apartment,
Kim Keat Close,https://www.propertyguru.com.sg//project/kim-keat-close-24958,apartment,9.0
Valencia (Enbloc),https://www.propertyguru.com.sg//project/valencia-enbloc-25205,apartment,8.0
Chong Kim Apartment,https://www.propertyguru.com.sg//project/chong-kim-apartment-25195,apartment,25.0
Ariva on Shan,https://www.propertyguru.com.sg//project/ariva-on-shan-25196,apartment,78.0
Waldorf Mansions,https://www.propertyguru.com.sg//project/waldorf-mansions-25199,apartment,16.0
St. Michael's Court,https://www.propertyguru.com.sg//project/st-michael-s-court-25208,apartment,
Nine Degrees,https://www.propertyguru.com.sg//project/nine-degrees-25201,apartment,29.0
Le Grove,https://www.propertyguru.com.sg//project/le-grove-24726,apartment,97.0
Amber Skye,https://www.propertyguru.com.sg//project/amber-skye-38,apartment,109.0
Jalan Aruan,https://www.propertyguru.com.sg//project/jalan-aruan-25185,apartment,
85 SOHO @ Boon Lay,https://www.propertyguru.com.sg//project/85-soho-boon-lay-24751,apartment,
Shangri-La Apartments,https://www.propertyguru.com.sg//project/shangri-la-apartments-24727,apartment,127.0
460 Sims Avenue,https://www.propertyguru.com.sg//project/460-sims-avenue-25375,apartment,
Fraser Place Robertson Walk,https://www.propertyguru.com.sg//project/fraser-place-robertson-walk-24748,apartment,
Melville Park,https://www.propertyguru.com.sg//project/melville-park-108,apartment,1232.0
The Beacon,https://www.propertyguru.com.sg//project/the-beacon-134,apartment,124.0
The Pier at Robertson,https://www.propertyguru.com.sg//project/the-pier-at-robertson-99,apartment,201.0
Leonie Hill Residences,https://www.propertyguru.com.sg//project/leonie-hill-residences-280,apartment,80.0
The Axis,https://www.propertyguru.com.sg//project/the-axis-275,apartment,52.0
